-- phpMyAdmin SQL Dump
-- version 4.0.10deb1
-- http://www.phpmyadmin.net
--
-- Host: localhost
-- Generation Time: Sep 23, 2015 at 11:56 AM
-- Server version: 5.5.41-0ubuntu0.14.04.1
-- PHP Version: 5.5.9-1ubuntu4.7

SET SQL_MODE = "NO_AUTO_VALUE_ON_ZERO";
SET time_zone = "+00:00";


/*!40101 SET @OLD_CHARACTER_SET_CLIENT=@@CHARACTER_SET_CLIENT */;
/*!40101 SET @OLD_CHARACTER_SET_RESULTS=@@CHARACTER_SET_RESULTS */;
/*!40101 SET @OLD_COLLATION_CONNECTION=@@COLLATION_CONNECTION */;
/*!40101 SET NAMES utf8 */;

--
-- Database: `phpleaks`
--

-- --------------------------------------------------------

--
-- Table structure for table `categories`
--

CREATE TABLE IF NOT EXISTS `categories` (
  `id` int(10) unsigned NOT NULL AUTO_INCREMENT,
  `name` varchar(255) COLLATE utf8_unicode_ci NOT NULL,
  `created_at` timestamp NOT NULL DEFAULT '0000-00-00 00:00:00',
  `updated_at` timestamp NOT NULL DEFAULT '0000-00-00 00:00:00',
  `slug` varchar(255) COLLATE utf8_unicode_ci DEFAULT NULL,
  PRIMARY KEY (`id`)
) ENGINE=InnoDB  DEFAULT CHARSET=utf8 COLLATE=utf8_unicode_ci AUTO_INCREMENT=17 ;

--
-- Dumping data for table `categories`
--

INSERT INTO `categories` (`id`, `name`, `created_at`, `updated_at`, `slug`) VALUES
(1, 'PHP', '2015-06-06 21:34:50', '2015-06-06 21:34:50', 'php'),
(2, 'JavaScript', '2015-06-06 21:34:50', '2015-06-06 21:34:50', 'javascript'),
(3, 'Tutorials', '2015-06-06 21:34:50', '2015-06-06 21:34:50', 'tutorials'),
(4, 'Design', '2015-06-06 21:34:50', '2015-06-06 21:34:50', 'design'),
(5, 'Devops', '2015-06-06 21:34:50', '2015-06-06 21:34:50', 'devops'),
(6, 'Programming', '2015-06-06 21:34:50', '2015-06-06 21:34:50', 'programming'),
(7, 'Linux', '2015-06-06 21:34:50', '2015-06-06 21:34:50', 'linux'),
(8, 'Search', '2015-06-06 21:34:50', '2015-06-06 21:34:50', 'search'),
(9, 'Resources', '2015-06-15 14:37:13', '2015-06-15 14:37:13', 'resources'),
(15, 'Tech', '2015-08-28 04:00:00', '2015-08-28 04:00:00', 'tech'),
(16, 'Business', '2015-09-22 04:00:00', '2015-09-22 04:00:00', 'business');

-- --------------------------------------------------------

--
-- Table structure for table `links`
--

CREATE TABLE IF NOT EXISTS `links` (
  `id` int(10) unsigned NOT NULL AUTO_INCREMENT,
  `category_id` int(10) unsigned NOT NULL,
  `name` varchar(255) COLLATE utf8_unicode_ci NOT NULL,
  `url` varchar(255) COLLATE utf8_unicode_ci NOT NULL,
  `created_at` timestamp NOT NULL DEFAULT '0000-00-00 00:00:00',
  `updated_at` timestamp NOT NULL DEFAULT '0000-00-00 00:00:00',
  `user_id` int(10) unsigned DEFAULT NULL,
  `slug` varchar(255) COLLATE utf8_unicode_ci DEFAULT NULL,
  `outbound_count` int(11) NOT NULL DEFAULT '0',
  `description` varchar(300) COLLATE utf8_unicode_ci NOT NULL,
  PRIMARY KEY (`id`),
  KEY `links_category_id_foreign` (`category_id`),
  KEY `links_user_id_foreign` (`user_id`)
) ENGINE=InnoDB  DEFAULT CHARSET=utf8 COLLATE=utf8_unicode_ci AUTO_INCREMENT=502 ;

--
-- Dumping data for table `links`
--

INSERT INTO `links` (`id`, `category_id`, `name`, `url`, `created_at`, `updated_at`, `user_id`, `slug`, `outbound_count`, `description`) VALUES
(6, 1, 'Laravel PHP Framework', 'http://laravel.com', '2015-06-06 21:41:33', '2015-06-12 00:52:05', 1, 'laravel-php-framework', 3, 'Laravel is a modern and powerful PHP framework with elegant syntax for rapid application development and prototyping. '),
(7, 2, 'Bootstrap Framework', 'http://getbootstrap.com', '2015-06-06 21:45:02', '2015-06-10 21:13:37', 1, 'bootstrap-framework', 1, 'The Bootstrap Framework is the most popular HTML, CSS, and JavaScript framework for creating fully responsive websites and applications.  Bootstrap makes front-end web development much faster and easier for folks of all skill levels.'),
(8, 2, 'Less CSS pre-processor', 'http://lesscss.org/', '2015-06-06 21:51:48', '2015-06-06 21:51:48', 1, 'less-css-pre-processor', 0, 'Less is a CSS pre-processor, which means that it extends the CSS language and adds features that allow variables, mixins, functions and other techniques to make CSS more maintainable, themable and extendable.'),
(9, 2, 'Vue.js', 'http://vuejs.org/', '2015-06-08 23:47:40', '2015-08-04 18:01:55', 1, 'vuejs', 1, 'Vue.js is a library for building interactive web interfaces.\r\nIt provides data-reactive components with a simple and flexible API.  Write some HTML, grab some JSON, create a Vue instance, that&#39;s it.'),
(10, 5, 'Vagrant', 'https://www.vagrantup.com/', '2015-06-09 00:26:57', '2015-06-10 21:13:21', 1, 'vagrant', 1, 'Development environments made easy.  Create and configure lightweight, reproducible, and portable development environments.'),
(11, 2, 'Meteor', 'https://www.meteor.com/', '2015-06-09 04:41:31', '2015-06-09 04:41:31', 1, 'meteor', 0, 'The JavaScript App Platform - Meteor is a complete open source platform for building web and mobile apps in pure JavaScript.'),
(12, 4, 'The Noun Project', 'https://thenounproject.com/', '2015-06-09 18:26:19', '2015-06-09 18:26:19', 1, 'the-noun-project', 0, 'The Noun Project - Creating, Sharing and Celebrating the World&#39;s Visual Language.'),
(13, 3, 'Injecting an object (from the IOC) using Laravel Blade Service Injection', 'https://mattstauffer.co/blog/injecting-an-object-from-the-ioc-using-laravel-blade-service-injection', '2015-06-09 22:18:50', '2015-06-09 22:18:50', 1, 'injecting-an-object-from-the-ioc-using-laravel-blade-service-injection', 0, 'Laravel 5.1 introduces &#34;Service Injection&#34;, the ability to &#34;inject&#34; an object into Blade templates. This means you can now resolve an object out of the IOC within your templates.  Learn how to work with this new feature here.'),
(14, 6, 'Free Programming Books', 'https://github.com/vhf/free-programming-books', '2015-06-10 20:25:04', '2015-06-10 20:28:42', 2, 'free-programming-books', 1, 'The worlds largest collection of free programming books. This list has every programming language you can think of.'),
(15, 2, 'Babel JS', 'https://babeljs.io/', '2015-06-10 21:02:56', '2015-06-12 14:54:08', 2, 'babel-js', 2, 'Babel is a JavaScript compiler which allows you to use next generation JavaScript, today.'),
(16, 1, 'Symfony PHP Framework', 'http://symfony.com/', '2015-06-10 21:33:54', '2015-06-10 21:33:54', 1, 'symfony-php-framework', 0, 'Symfony, High Performance PHP Framework for Web Development.  Symfony is a set of reusable PHP components and a PHP framework for web projects.'),
(17, 7, 'Ubuntu', 'http://www.ubuntu.com/', '2015-06-10 22:01:53', '2015-06-10 22:01:53', 1, 'ubuntu', 0, 'Ubuntu is an open source software platform that runs everywhere from the smartphone, the tablet and the PC to the server and the cloud.'),
(18, 8, 'DuckDuckGo', 'https://duckduckgo.com/', '2015-06-11 00:17:15', '2015-06-11 00:17:15', 1, 'duckduckgo', 0, 'The search engine that doesn&#39;t track you. '),
(19, 6, 'RegEx101 - JavaScript, Python, PHP, and PCRE', 'https://regex101.com/', '2015-06-11 02:26:56', '2015-06-11 02:26:56', 1, 'regex101-javascript-python-php-and-pcre', 0, 'Regex101 allows you to create, debug, test and have your expressions explained for PHP, PCRE, JavaScript and Python. The website also features a community where you can share useful expressions.'),
(20, 1, 'CodeIgniter PHP framework', 'http://www.codeigniter.com/', '2015-06-11 03:26:01', '2015-09-17 21:59:31', 1, 'codeigniter-php-framework', 0, 'CodeIgniter is a powerful PHP framework with a very small footprint, built for developers who need a simple toolkit to create web applications.'),
(21, 2, 'CodePen', 'http://codepen.io/', '2015-06-11 04:30:45', '2015-06-11 04:30:45', 1, 'codepen', 0, 'CodePen - Front End Developer Playground and Code Editor in the Browser.'),
(22, 3, 'Scotch Web Development', 'https://scotch.io/', '2015-06-11 17:56:24', '2015-06-11 17:56:24', 1, 'scotch-web-development', 0, 'Scotch is a web development blog discussing all things programming, development, web and life.'),
(23, 4, 'material ui', 'http://material-ui.com/', '2015-06-11 18:48:45', '2015-06-11 18:48:45', 1, 'material-ui', 0, 'A Set of React Components that Implement Google&#39;s Material Design.'),
(24, 5, 'PuPHPet', 'https://puphpet.com/', '2015-06-11 19:01:58', '2015-06-11 19:01:58', 1, 'puphpet', 0, 'A simple GUI to set up virtual machines for Web development using Puppet & Vagrant.'),
(25, 6, 'JetBrains', 'https://www.jetbrains.com/', '2015-06-11 19:34:10', '2015-06-11 19:34:10', 1, 'jetbrains', 0, 'Smart IDEs and Code Editors.'),
(26, 7, 'CentOS', 'https://www.centos.org/', '2015-06-11 20:52:19', '2015-06-11 20:52:19', 1, 'centos', 0, 'The CentOS Linux distribution is a stable, predictable, manageable and reproducible platform derived from the sources of Red Hat Enterprise Linux (RHEL). '),
(27, 8, 'Google', 'https://www.google.com/', '2015-06-11 20:55:05', '2015-06-11 20:55:05', 1, 'google', 0, 'Search the world&#39;s information, including webpages, images, videos and more. Google has many special features to help you find exactly what you&#39;re looking for.'),
(28, 1, 'CakePHP', 'http://cakephp.org/', '2015-06-11 20:57:43', '2015-06-11 20:57:43', 1, 'cakephp', 0, 'A rapid application development PHP Framework.'),
(29, 2, 'jQuery', 'https://jquery.com/', '2015-06-11 20:59:15', '2015-06-11 20:59:15', 1, 'jquery', 0, 'The Write Less, Do More, JavaScript Library.'),
(30, 3, 'Codecademy', 'http://www.codecademy.com/', '2015-06-12 00:20:23', '2015-06-12 14:53:00', 2, 'codecademy', 1, 'Learn to code interactively, for free.'),
(31, 4, 'Dribbble', 'https://dribbble.com/', '2015-06-12 00:33:42', '2015-06-12 14:52:55', 2, 'dribbble', 2, 'Show and tell for designers. What are you working on? '),
(32, 5, 'Servers for Hackers', 'https://serversforhackers.com/', '2015-06-12 00:37:52', '2015-06-12 14:52:40', 2, 'servers-for-hackers', 1, 'Server Admin for Programmers.'),
(33, 6, 'VisuAlgo', 'http://visualgo.net/', '2015-06-12 00:42:11', '2015-06-12 14:52:27', 2, 'visualgo', 1, 'Visualising data structures and algorithms through animation.'),
(34, 7, 'LinuxCommand', 'http://linuxcommand.org/', '2015-06-12 00:47:34', '2015-06-12 00:47:34', 1, 'linuxcommand', 0, 'Learn the bash shell and how to write shell scripts.'),
(35, 8, 'Bing', 'http://www.bing.com/', '2015-06-12 00:49:18', '2015-06-12 00:49:18', 1, 'bing', 0, 'Bing helps you turn information into action, making it faster and easier to go from searching to doing.'),
(36, 1, 'PHPUnit', 'https://phpunit.de/', '2015-06-12 00:51:32', '2015-06-12 00:51:32', 1, 'phpunit', 0, 'PHPUnit is a programmer-oriented testing framework for PHP.  It is an instance of the xUnit architecture for unit testing frameworks.'),
(37, 2, 'AngularJS', 'https://angularjs.org/', '2015-06-12 01:24:32', '2015-06-12 01:24:32', 1, 'angularjs', 0, 'AngularJS is a JavaScript Framework with data-binding, MVW, MVVM, MVC, dependency injection and great testability implemented with client-side JavaScript.'),
(38, 3, 'Laracasts', 'https://laracasts.com/', '2015-06-12 14:46:44', '2015-06-12 14:46:44', 1, 'laracasts', 0, 'The best Laravel screencasts on the web.'),
(39, 4, 'WebComponents', 'http://webcomponents.org/', '2015-06-12 14:50:14', '2015-06-12 14:50:14', 1, 'webcomponents', 0, 'A place to discuss and evolve Web Component best-practices.'),
(40, 5, 'Laravel Forge', 'https://forge.laravel.com/', '2015-06-12 14:51:48', '2015-06-12 14:51:48', 1, 'laravel-forge', 0, 'Instant PHP Platforms On Linode, DigitalOcean, and more.'),
(41, 6, 'Ruby Programming Language', 'https://www.ruby-lang.org', '2015-06-12 14:57:17', '2015-06-12 14:57:17', 1, 'ruby-programming-language', 0, 'A dynamic, open source programming language with a focus on simplicity and productivity.'),
(42, 7, 'Redhat', 'http://www.redhat.com/', '2015-06-12 14:59:49', '2015-06-12 14:59:49', 1, 'redhat', 0, 'Red Hat is the world’s leading provider of open source solutions providing reliable and high-performing cloud, virtualization, storage, Linux, and middleware technologies.'),
(43, 8, 'Search Engine Roundtable', 'https://www.seroundtable.com/', '2015-06-12 15:01:38', '2015-06-12 15:01:38', 1, 'search-engine-roundtable', 0, 'A well-rounded view on search engines and search engine marketing from five segments of the Web population represented by senior members of the major SEO/SEM forums on the Internet.'),
(44, 1, 'PHP Programming Language', 'http://php.net/', '2015-06-12 15:03:39', '2015-06-12 15:03:39', 1, 'php-programming-language', 0, 'PHP is a popular general-purpose scripting language that is especially suited to web development.  Fast, flexible and pragmatic, PHP powers everything from your blog to the most popular websites in the world.'),
(45, 2, 'JSLint', 'http://www.jslint.com/', '2015-06-12 20:27:11', '2015-06-12 20:27:11', 1, 'jslint', 0, 'JSLint is a JavaScript program that looks for problems in JavaScript programs. It is a code quality tool.'),
(46, 3, 'Laravel News', 'https://laravel-news.com/', '2015-06-14 17:04:41', '2015-06-14 17:04:41', 1, 'laravel-news', 0, 'Stay in the know about all tips, tutorials, and packages released for Laravel.'),
(47, 4, 'Bootstrap Expo', 'http://expo.getbootstrap.com/resources/', '2015-06-14 17:13:39', '2015-06-14 17:13:39', 1, 'bootstrap-expo', 0, 'Links to useful Bootstrap resources like additional showcases, integrations, add-ons, code snippets, and more.'),
(48, 5, 'Peggy', 'https://getpeggy.com/', '2015-06-14 17:15:29', '2015-06-14 17:15:29', 1, 'peggy', 0, 'Let Peggy do the heavy lifting. With one click you can provision a server ready for you to deploy any project from Git.'),
(49, 6, 'Python', 'https://www.python.org/', '2015-06-14 17:17:59', '2015-06-14 17:17:59', 1, 'python', 0, 'Python is a programming language that lets you work quickly and integrate systems more effectively.'),
(50, 8, 'OpenLinkProfiler', 'http://www.openlinkprofiler.org/', '2015-06-15 14:18:38', '2015-06-15 14:18:38', 1, 'openlinkprofiler', 0, 'Sophisticated link filtering, Link Disinfection tool, link alerts. Links updated daily.'),
(51, 1, 'Packagist', 'https://packagist.org/', '2015-06-15 14:38:43', '2015-06-15 14:38:43', 1, 'packagist', 0, 'The PHP Package Repository.'),
(52, 1, 'Composer', 'https://getcomposer.org/', '2015-06-15 18:01:28', '2015-06-15 18:01:28', 1, 'composer', 0, 'Dependency Management for PHP.'),
(53, 6, 'RegExr', 'http://www.regexr.com/', '2015-06-15 18:06:31', '2015-06-15 18:06:31', 1, 'regexr', 0, 'RegExr is an online tool to learn, build, & test Regular Expressions (RegEx / RegExp).'),
(54, 9, 'Stripe', 'https://stripe.com/', '2015-06-15 18:42:59', '2015-06-15 18:42:59', 1, 'stripe', 0, 'Stripe is a suite of APIs that powers commerce for businesses of all sizes.'),
(55, 9, 'Mandrill', 'https://mandrill.com/', '2015-06-15 20:28:14', '2015-06-15 20:28:14', 1, 'mandrill', 0, 'Mandrill is a reliable, scalable, and secure delivery API for transactional emails from websites and applications. '),
(56, 1, 'October', 'https://octobercms.com/', '2015-06-15 20:38:01', '2015-06-15 20:38:01', 1, 'october', 0, 'October is a free, open-source, self-hosted CMS platform based on the Laravel PHP Framework.  '),
(57, 2, 'Data-Driven Documents', 'http://d3js.org/', '2015-06-15 22:58:22', '2015-06-15 22:58:22', 1, 'data-driven-documents', 0, 'D3.js is a JavaScript library for manipulating documents based on data. D3 helps you bring data to life using HTML, SVG, and CSS.'),
(58, 5, 'Phansible', 'http://phansible.com/', '2015-06-15 23:04:59', '2015-06-15 23:04:59', 1, 'phansible', 0, 'Phansible provides an easy-to-use interface that helps you generate Ansible provisionings for PHP-based projects.'),
(59, 5, 'NGINX', 'http://nginx.com/', '2015-06-15 23:19:13', '2015-06-15 23:19:13', 1, 'nginx', 0, 'NGINX accelerates content and application delivery, improves security, facilitates availability and scalability for the busiest web sites on the Internet.'),
(60, 1, 'Laravel 5 Cheat Sheet', 'http://www.linxiang.info/l5-cs/', '2015-06-15 23:35:50', '2015-08-28 21:13:52', 1, 'laravel-5-cheat-sheet', 1, 'A nice cheat sheet to quickly reference various methods in the Laravel API.'),
(61, 2, 'npm', 'https://www.npmjs.com/', '2015-06-16 00:26:49', '2015-06-16 00:26:49', 1, 'npm', 0, 'npm is the package manager for javascript.'),
(62, 4, 'Sidebar', 'http://sidebar.io/', '2015-06-16 00:32:05', '2015-06-16 00:32:05', 1, 'sidebar', 0, 'Sidebar: The 5 best design links, every day.'),
(63, 6, 'What Is Code?', 'http://www.bloomberg.com/graphics/2015-paul-ford-what-is-code/', '2015-06-16 00:36:37', '2015-06-16 00:36:37', 1, 'what-is-code', 0, 'What Is Code? If You Don&#39;t Know, You Need to Read This.'),
(64, 7, 'Debian', 'https://www.debian.org/', '2015-06-16 00:38:40', '2015-06-16 00:38:40', 1, 'debian', 0, 'Debian is an operating system and a distribution of Free Software. It is maintained and updated through the work of many users who volunteer their time and effort.'),
(65, 8, 'Ahrefs', 'https://ahrefs.com', '2015-06-16 00:40:35', '2015-06-16 00:40:35', 1, 'ahrefs', 0, 'Analyze websites, track social media, build backlinks - Ahrefs has you covered.'),
(66, 9, 'Atom', 'https://atom.io/', '2015-06-16 00:44:09', '2015-06-16 00:44:09', 1, 'atom', 0, 'A hackable text editor for the 21st Century.'),
(67, 5, 'Envoyer', 'https://envoyer.io/', '2015-06-16 00:49:10', '2015-06-16 00:49:10', 1, 'envoyer', 0, 'Zero Downtime PHP Deployment.'),
(68, 2, 'Node.js', 'https://nodejs.org/', '2015-06-16 00:50:49', '2015-06-16 00:50:49', 1, 'node-js', 0, 'Event-driven I/O server-side JavaScript environment based on V8. Includes API documentation, change-log, examples and announcements.'),
(69, 3, 'Khan Academy - Algorithms', 'https://www.khanacademy.org/computing/computer-science/algorithms', '2015-06-16 00:56:06', '2015-06-16 00:56:06', 1, 'khan-academy-algorithms', 0, 'Introductory computer science algorithms, including searching, sorting, recursion, and graph theory. Learn with a combination of articles, visualizations, quizzes, and coding challenges.'),
(70, 4, 'Foundation', 'http://foundation.zurb.com/', '2015-06-16 00:58:04', '2015-06-16 00:58:04', 1, 'foundation', 0, 'Documentation and reference library for ZURB Foundation. JavaScript, CSS, components, grid and more.'),
(71, 5, 'VirtualBox', 'https://www.virtualbox.org/', '2015-06-16 00:59:46', '2015-06-16 00:59:46', 1, 'virtualbox', 0, 'VirtualBox is a powerful x86 and AMD64/Intel64 virtualization product for enterprise as well as home use.'),
(72, 4, 'Google Web Fundamentals', 'https://developers.google.com/web/fundamentals/', '2015-06-16 01:03:27', '2015-06-16 01:03:27', 1, 'google-web-fundamentals', 0, 'Google Web Fundamentals - Best practices for great multi-device web experiences.'),
(73, 2, 'JSFiddle', 'http://jsfiddle.net/', '2015-06-16 01:09:23', '2015-06-16 01:09:23', 1, 'jsfiddle', 0, 'Test your JavaScript, CSS, HTML or CoffeeScript online with JSFiddle code editor.'),
(74, 9, 'Slack', 'https://slack.com/', '2015-06-16 01:10:31', '2015-06-16 01:10:31', 1, 'slack', 0, 'Slack is a platform for team communication: everything in one place, instantly searchable, available wherever you go.'),
(75, 4, 'Subtle Patterns', 'http://subtlepatterns.com/', '2015-06-16 01:12:04', '2015-06-16 01:12:04', 1, 'subtle-patterns', 0, 'Free high quality patterns for your next web project. '),
(76, 1, 'PHP FIG', 'http://www.php-fig.org/', '2015-06-16 01:21:37', '2015-06-16 01:21:37', 1, 'php-fig', 0, 'The idea behind PHP FIG is for project representatives to talk about the\r\ncommonalities between projects and find ways to work together.'),
(77, 4, 'Polymer', 'https://www.polymer-project.org/', '2015-06-16 03:40:25', '2015-06-16 03:40:25', 1, 'polymer', 0, 'Polymer is a library that uses the latest web technologies to let you create custom HTML elements.'),
(78, 7, 'The Art of Command Line', 'https://github.com/jlevy/the-art-of-command-line', '2015-06-16 05:17:51', '2015-06-16 05:17:51', 1, 'the-art-of-command-line', 0, 'This is a selection of notes and tips on using the command-line that have been found useful when working on Linux.'),
(79, 5, 'Let’s Encrypt', 'https://letsencrypt.org/', '2015-06-16 19:30:01', '2015-06-16 19:30:01', 1, 'let-s-encrypt', 0, 'Let’s Encrypt is a new Certificate Authority: It’s free, automated, and open. '),
(80, 2, 'JavaScript.com', 'https://www.javascript.com/', '2015-06-16 19:31:54', '2015-06-16 19:31:54', 1, 'javascript-com', 0, 'Learn JavaScript and stay connected with the latest news created and curated by the JavaScript community.'),
(81, 3, 'Making Badass Developers', 'https://www.youtube.com/watch?v=FKTxC9pl-WM', '2015-06-16 21:31:34', '2015-06-16 21:31:34', 1, 'making-badass-developers', 0, 'Every moment of every day there’s a new language, framework, format, protocol to learn. Nobody has a more dynamic skill set than a web developer. We’ll look at the one metaskill to rule them all: The ability to come up to speed and stay there, over and over again.'),
(82, 2, 'Famous Industries', 'http://famous.org/', '2015-06-16 23:05:53', '2015-06-16 23:05:53', 1, 'famous-industries', 0, 'High-performance JavaScript library for 3D rendering and animation.'),
(83, 5, 'Gulp', 'http://gulpjs.com/', '2015-06-16 23:27:28', '2015-06-16 23:27:28', 1, 'gulp', 0, 'Automate and enhance your workflow.'),
(84, 9, 'Sublime Text', 'http://www.sublimetext.com/', '2015-06-16 23:28:50', '2015-06-16 23:28:50', 1, 'sublime-text', 0, 'Sublime Text is a sophisticated text editor for code, markup and prose.  You&#39;ll love the slick user interface, extraordinary features and amazing performance.'),
(85, 4, 'Font Awesome', 'http://fontawesome.io/', '2015-06-16 23:31:33', '2015-06-16 23:31:33', 1, 'font-awesome', 0, 'Font Awesome gives you scalable vector icons that can instantly be customized — size, color, drop shadow, and anything that can be done with the power of CSS.  '),
(86, 4, 'HTML5 ★ Boilerplate', 'https://html5boilerplate.com/', '2015-06-16 23:33:03', '2015-06-16 23:33:03', 1, 'html5-boilerplate', 0, 'HTML5 Boilerplate helps you build fast, robust, and adaptable web apps or sites. Kick-start your project with the combined knowledge and effort of 100s of developers, all in one little package. '),
(87, 6, 'Ruby on Rails', 'http://rubyonrails.org/', '2015-06-16 23:34:32', '2015-06-16 23:34:32', 1, 'ruby-on-rails', 0, 'Ruby on Rails is an open-source web framework that’s optimized for programmer happiness and sustainable productivity. It lets you write beautiful code by favoring convention over configuration. '),
(88, 2, 'Impress.js', 'http://impress.github.io/impress.js/#/bored', '2015-06-17 17:04:22', '2015-06-17 17:04:22', 1, 'impress-js', 0, 'Impress.js is a presentation tool based on the power of CSS3 transforms and transitions in modern browsers.'),
(89, 3, 'Code School', 'https://www.codeschool.com/', '2015-06-17 17:32:12', '2015-06-17 17:32:12', 1, 'code-school', 0, 'Code School teaches web technologies in the comfort of your browser with video lessons, coding challenges, and screencasts.'),
(90, 5, 'Homebrew', 'http://brew.sh/', '2015-06-17 17:51:06', '2015-06-17 17:51:06', 1, 'homebrew', 0, 'The missing package manager for OS X.  Homebrew installs the stuff you need that Apple didn’t.'),
(91, 2, 'React', 'https://facebook.github.io/react/', '2015-06-17 17:52:05', '2015-06-17 17:52:05', 1, 'react', 0, 'A JavaScript library for building user interfaces.'),
(92, 4, 'Animate.css', 'http://daneden.github.io/animate.css/', '2015-06-17 17:54:52', '2015-06-17 17:54:52', 1, 'animate-css', 0, 'Fun and useful CSS animations.'),
(93, 9, 'Brackets', 'http://brackets.io/', '2015-06-17 17:56:07', '2015-06-17 17:56:07', 1, 'brackets', 0, 'A modern, open source text editor that understands web design.'),
(94, 5, 'Docker', 'https://www.docker.com/', '2015-06-17 17:57:21', '2015-06-17 17:57:21', 1, 'docker', 0, 'Docker is an open platform for developers and sysadmins of distributed applications.'),
(95, 2, 'Backbone.js', 'http://backbonejs.org/', '2015-06-17 17:59:11', '2015-06-17 17:59:11', 1, 'backbone-js', 0, 'Backbone.js is a JavaScript library with a RESTful JSON interface and is based on the model–view–presenter (MVP) application design paradigm.'),
(96, 2, 'Reveal.js', 'http://lab.hakim.se/reveal-js/', '2015-06-17 18:00:47', '2015-06-17 18:00:47', 1, 'reveal-js', 0, 'The HTML Presentation Framework'),
(97, 9, 'WebmasterWorld', 'https://www.webmasterworld.com/', '2015-06-17 18:14:11', '2015-06-17 18:14:11', 1, 'webmasterworld', 0, 'WebmasterWorld is News and Discussion for the Web Professional.'),
(98, 3, 'Command Line Crash Course', 'http://cli.learncodethehardway.org/book/', '2015-06-17 20:07:07', '2015-09-18 00:02:41', 1, 'command-line-crash-course', 0, 'This book is a quick super fast course in using the command line which you can complete in about a day or two.'),
(99, 1, 'Cartalyst', 'https://cartalyst.com/', '2015-06-18 15:48:57', '2015-08-18 00:50:18', 1, 'cartalyst', 1, 'Cartalyst builds framework agnostic composer packages for developers.'),
(100, 2, 'Moment.js', 'http://momentjs.com/', '2015-06-18 20:09:55', '2015-06-18 20:09:55', 1, 'moment-js', 0, 'Parse, validate, manipulate, and display dates in JavaScript.'),
(101, 4, 'Semantic UI', 'http://semantic-ui.com/', '2015-06-18 20:12:50', '2015-06-18 20:12:50', 1, 'semantic-ui', 0, 'User Interface is the language of the web.'),
(102, 2, 'Socket.io', 'http://socket.io/', '2015-06-18 20:17:48', '2015-06-18 20:17:48', 1, 'socket-io', 0, 'Node powered real time application framework.'),
(103, 5, 'Ansible', 'http://www.ansible.com/', '2015-06-19 01:12:39', '2015-06-19 01:12:39', 1, 'ansible', 0, 'Ansible is the simplest way to automate apps and IT infrastructure.'),
(104, 8, 'DuckDuckHack', 'http://duckduckhack.com/', '2015-06-19 19:30:42', '2015-06-19 19:30:42', 1, 'duckduckhack', 0, 'DuckDuckHack is an open source community for DuckDuckGo Instant Answers.'),
(105, 2, 'jQuery File Upload', 'https://blueimp.github.io/jQuery-File-Upload/', '2015-06-22 02:46:38', '2015-06-22 02:46:38', 1, 'jquery-file-upload', 0, 'File Upload widget with multiple file selection, drag&drop support, progress bars, validation and preview images, audio and video for jQuery. '),
(106, 6, 'Jekyll', 'http://jekyllrb.com/', '2015-06-22 02:48:37', '2015-06-22 02:48:37', 1, 'jekyll', 0, 'Jekyll is a blog-aware, static site generator in Ruby.  Transform your plain text into static websites and blogs.'),
(107, 2, 'Three.js', 'http://threejs.org/', '2015-06-22 02:50:06', '2015-06-22 02:50:06', 1, 'three-js', 0, 'Three.js is a library that makes WebGL - 3D in the browser - easy to use. '),
(108, 2, 'Express', 'http://expressjs.com/', '2015-06-22 02:51:21', '2015-06-22 02:51:21', 1, 'express', 0, 'Fast, unopinionated, minimalist web framework for node.'),
(109, 6, 'AFNetworking', 'http://afnetworking.com', '2015-06-22 02:53:11', '2015-08-18 00:50:33', 1, 'afnetworking', 1, 'A delightful iOS and OS X networking framework.'),
(110, 4, 'Chosen', 'http://harvesthq.github.io/chosen/', '2015-06-22 18:03:19', '2015-06-22 18:03:19', 1, 'chosen', 0, 'Chosen is a jQuery plugin that makes long, unwieldy select boxes much more user-friendly.'),
(111, 4, 'Ionic Framework', 'http://ionicframework.com/', '2015-06-22 18:06:08', '2015-06-22 18:06:08', 1, 'ionic-framework', 0, 'The beautiful, open source front-end SDK for developing hybrid mobile apps with HTML5.'),
(112, 4, 'Material Icons', 'https://www.google.com/design/icons/', '2015-06-22 18:07:44', '2015-06-22 18:07:44', 1, 'material-icons', 0, 'Material icons are beautifully crafted, delightful, and easy to use in your web, Android, and iOS projects. '),
(113, 4, 'Normalize.css', 'http://necolas.github.io/normalize.css/', '2015-06-22 18:10:03', '2015-06-22 18:10:03', 1, 'normalize-css', 0, 'Normalize.css makes browsers render all elements more consistently and in line with modern standards.  It is a modern, HTML5-ready alternative to CSS resets.'),
(114, 9, 'Ghost', 'https://ghost.org/', '2015-06-22 19:37:40', '2015-06-22 19:37:40', 1, 'ghost', 0, 'Ghost is a simple, powerful publishing platform that allows you to share your stories with the world.'),
(115, 2, 'Modernizr', 'http://modernizr.com/', '2015-06-22 19:38:42', '2015-08-18 00:49:58', 1, 'modernizr', 1, 'Modernizr is a JavaScript library that detects HTML5 and CSS3 features in the user’s browser.'),
(116, 2, 'React Native', 'http://facebook.github.io/react-native/', '2015-06-22 19:41:07', '2015-08-18 00:49:46', 1, 'react-native', 1, 'React Native enables you to build world-class application experiences on native platforms using a consistent developer experience based on JavaScript and React. '),
(117, 2, 'Underscore.js', 'http://underscorejs.org/', '2015-06-22 19:42:18', '2015-08-18 00:49:43', 1, 'underscore-js', 1, 'Underscore is a JavaScript library that provides a whole mess of useful functional programming helpers without extending any built-in objects. '),
(118, 2, 'Chart.js', 'http://www.chartjs.org/', '2015-06-22 19:44:08', '2015-08-18 00:49:41', 1, 'chart-js', 1, 'Simple HTML5 Charts using the canvas tag for web designers and developers.'),
(119, 9, 'Discourse', 'http://www.discourse.org/', '2015-06-22 19:47:07', '2015-08-18 00:49:37', 1, 'discourse', 1, 'Community discussion platform built in the Ruby programming language.'),
(120, 6, 'Django', 'https://www.djangoproject.com/', '2015-06-22 19:48:03', '2015-08-18 00:49:33', 1, 'django', 1, 'Django is a high-level Python Web framework that encourages rapid development and clean, pragmatic design.'),
(121, 3, 'shortcutFoo', 'https://www.shortcutfoo.com/', '2015-06-22 20:35:28', '2015-08-19 20:20:22', 1, 'shortcutfoo', 2, 'Learn all the shortcuts you&#39;ll ever need in Vim, Sublime, Git, Visual Studio, Eclipse, ReSharper, IntelliJ IDEA, RubyMine, AppCode, PyCharm, WebStorm, PhpStorm and more.'),
(122, 9, 'Vim Awesome', 'http://vimawesome.com/', '2015-06-22 21:23:26', '2015-08-19 20:20:17', 1, 'vim-awesome', 2, 'Awesome Vim plugins from across the universe.'),
(123, 4, 'Select2', 'https://select2.github.io/', '2015-06-23 00:58:19', '2015-08-18 00:49:24', 1, 'select2', 2, 'The jQuery replacement for select boxes.'),
(124, 2, 'json:api', 'http://jsonapi.org/', '2015-06-23 01:06:38', '2015-08-19 20:20:10', 1, 'json-api', 2, 'JSON API is a specification for building APIs in JSON.'),
(125, 1, 'Laravel IO', 'http://laravel.io/forum', '2015-06-25 16:56:17', '2015-08-19 20:20:03', 1, 'laravel-io', 3, 'Laravel IO is a community discussing everything related to working with the Laravel PHP Framework.'),
(126, 1, 'Eloquent-Sluggable', 'https://github.com/cviebrock/eloquent-sluggable', '2015-06-25 19:39:14', '2015-08-19 20:19:58', 1, 'eloquent-sluggable', 3, 'Easy creation of slugs for your Eloquent models in Laravel 5. '),
(127, 6, 'Better Explained', 'http://betterexplained.com/', '2015-06-25 20:06:47', '2015-08-19 20:19:53', 1, 'better-explained', 2, 'Better Explained is a fantastic resource that offers tutorials on Math, Programming, Web Development, Business, and more.'),
(128, 1, 'Yii Framework', 'http://www.yiiframework.com/', '2015-06-27 19:50:38', '2015-08-19 20:19:49', 1, 'yii-framework', 3, 'Yii is a high-performance PHP framework best for developing Web 2.0 applications.'),
(129, 2, 'Popular JavaScript Projects', 'http://stats.js.org/', '2015-06-30 04:32:44', '2015-08-19 20:19:41', 1, 'popular-javascript-projects', 5, 'JS.org: Gathering statistics on JavaScript projects since 2015 - shows statistics and rankings of the 10k most popular JavaScript projects on GitHub.'),
(130, 3, 'MarkSheet', 'http://marksheet.io/', '2015-07-06 23:41:15', '2015-08-19 20:19:36', 1, 'marksheet', 3, 'A free guide to learn HTML and CSS.'),
(131, 4, 'Material Design Lite', 'http://www.getmdl.io/', '2015-07-07 17:28:15', '2015-08-19 20:19:31', 1, 'material-design-lite', 3, 'A library of components & templates in vanilla CSS, HTML and JavaScript.'),
(132, 1, 'PhpStorm', 'https://www.jetbrains.com/phpstorm/', '2015-07-09 03:50:09', '2015-08-18 00:48:57', 1, 'phpstorm', 3, 'The Most Intelligent PHP IDE.'),
(133, 2, 'React For Designers', 'http://reactfordesigners.com/', '2015-07-09 19:37:28', '2015-08-19 20:19:25', 1, 'react-for-designers', 3, 'An opinionated tutorial to teach React.js for designers.'),
(134, 2, 'TwoJS', 'https://jonobr1.github.io/two.js/', '2015-07-17 22:56:54', '2015-08-19 20:19:18', 1, 'twojs', 2, 'Two.js is a two-dimensional drawing api geared towards modern web browsers. It is renderer agnostic enabling the same api to draw in multiple contexts like svg, canvas, and webgl. '),
(135, 3, 'ES6 Katas', 'http://es6katas.org/', '2015-07-17 22:58:40', '2015-08-19 20:19:14', 1, 'es6-katas', 4, 'Just learn a bit of ES6 daily, take one kata a day and fix it away.'),
(136, 3, 'That JS Dude', 'http://thatjsdude.com', '2015-07-23 21:02:49', '2015-08-28 21:14:17', 1, 'that-js-dude', 5, 'Your dude, talks about critically important and effective stuff related to JavaScript but not in a boring way.'),
(137, 1, 'Asgard CMS', 'https://asgardcms.com', '2015-07-23 21:14:56', '2015-08-18 00:48:43', 1, 'asgard-cms', 4, 'An elegant full-featured modular multilingual CMS built on top of the Laravel framework.'),
(138, 6, 'Don&#39;t Be Stupid - Grasp Solid', 'https://www.youtube.com/watch?v=KHBrDWIKW8Q', '2015-07-28 19:24:32', '2015-08-14 20:50:13', 1, 'dont-be-stupid-grasp-solid', 3, 'Fantastic presentation about applying the SOLID principles to software design.'),
(139, 6, 'HackerRank', 'https://www.hackerrank.com/', '2015-07-28 21:07:48', '2015-08-14 20:50:08', 1, 'hackerrank', 1, 'Programming problems and contests in different domains of Computer Science. Solve interesting and challenging programming problems.'),
(143, 1, 'Lumen Micro Framework', 'http://lumen.laravel.com/', '2015-08-04 17:57:45', '2015-08-17 18:02:01', 2, 'lumen-micro-framework', 1, 'The stunningly fast micro-framework by Laravel.'),
(144, 1, 'Symfony is now 100 percent PHP7 compliant', 'http://symfony.com/blog/symfony-achieves-100-php7-compatibility', '2015-08-14 19:23:12', '2015-09-17 21:58:52', 2, 'symfony-is-now-100-percent-php7-compliant', 3, 'Symfony is one of the worlds most popular PHP frameworks, and is now fully compatible with PHP7.'),
(145, 2, 'JSfeatures.in', 'http://jsfeatures.in/', '2015-08-14 19:48:45', '2015-08-19 20:18:54', 5, 'jsfeatures-in', 4, 'There are a few flavors of JavaScript like ES5, ES6, and ES7.  JSfeatures.in is the best cheatsheet for quickly dealing with any differences between various flavors.'),
(146, 9, 'Websites To Find Developer and Designer Work', 'http://www.designyourway.net/blog/design/best-sites-to-find-work-as-a-designer/', '2015-08-14 20:09:26', '2015-08-19 20:18:48', 5, 'websites-to-find-developer-and-designer-work', 5, 'Design your way has put together a nice resource for finding freelance design and development work.  With many opportunities for contract, full time, freelance, and consulting work - this is a good list to have handy.'),
(147, 3, 'Learning Polymer with a Real Time Task Application', 'https://scotch.io/tutorials/build-a-real-time-polymer-to-do-app', '2015-08-14 20:49:30', '2015-09-17 21:00:17', 2, 'learning-polymer-with-a-real-time-task-application', 3, 'Check out this to do application built with Polymer to learn more about how it works.'),
(148, 4, 'Homer Hudson Ice Cream', 'http://homerhudson.com', '2015-08-17 17:58:58', '2015-08-19 20:18:34', 1, 'homer-hudson-ice-cream', 3, 'The Homer Hudson Ice Cream website makes interesting use of scroll effects and color presentation. '),
(149, 5, 'The Case For DevOps Checklists', 'https://blog.serverdensity.com/how-and-why-we-use-devops-checklists/', '2015-08-17 18:01:32', '2015-08-19 20:18:28', 1, 'the-case-for-devops-checklists', 2, 'A great blog post about the value of checklists in maintaining sanity for complex situations.'),
(150, 6, 'A Guide To Terminal Multiplexing', 'http://www.hamvocke.com/blog/a-quick-and-easy-guide-to-tmux/', '2015-08-17 18:10:06', '2015-08-19 20:18:22', 1, 'a-guide-to-terminal-multiplexing', 3, 'The command line is likely the most powerful tool a software engineer has.  The concept of a tmux takes it even further.'),
(151, 7, 'Open Observatory of Network Interference', 'https://ooni.torproject.org/', '2015-08-17 18:17:58', '2015-08-19 20:18:19', 1, 'open-observatory-of-network-interference', 3, 'This free software is designed to detect unwanted surveillance, traffic manipulation, and censorship on the internet.'),
(152, 8, '2015 Search Ranking Factors', 'https://moz.com/search-ranking-factors', '2015-08-17 18:40:24', '2015-08-19 20:18:10', 5, '2015-search-ranking-factors', 3, 'Want your website to do well in the search engines?  Check out 2015&#39;s most comprehensive study on Search Engine Ranking Factors by the team at Moz.'),
(153, 9, 'Huge Collection of Website Design Photoshop Templates', 'http://www.instantshift.com/2015/08/17/website-template-psds/', '2015-08-17 20:27:51', '2015-08-19 20:18:04', 5, 'huge-collection-of-website-design-photoshop-templates', 3, 'Instant shift presents this incredible list of Web Design Template PSDs that are free to use for any project.'),
(154, 9, 'Web Designers to Follow On Twitter', 'http://www.designyourway.net/blog/design/ui-and-web-designers-on-twitter-worth-following/', '2015-08-17 20:35:13', '2015-08-19 20:17:59', 6, 'web-designers-to-follow-on-twitter', 2, 'Design Your Way provides this nice collection of UI and Web Design accounts that are worth a follow on Twitter.'),
(155, 4, 'Cocktails and Sunshine Vector Pattern', 'http://creativenerds.co.uk/freebies/sunshine-and-cocktails-free-seamless-vector-pattern/', '2015-08-17 20:42:32', '2015-08-19 20:17:52', 6, 'cocktails-and-sunshine-vector-pattern', 3, 'Creative Nerds has a really cool summer pattern for your next design.  It&#39;s the sunshine and cocktails seamless pattern.'),
(156, 2, 'Webappers Covers Node Powered Apostrophe', 'http://www.webappers.com/2015/08/13/open-source-cms-built-on-node-js-and-mongodb/', '2015-08-17 20:45:07', '2015-08-19 20:17:45', 6, 'webappers-covers-node-powered-apostrophe', 2, 'Web Apperers had a review of the Apostrophe content management system powered by Node.js and MondgoDB.'),
(157, 1, 'Web Scraping With PHP', 'https://github.com/lorien/awesome-web-scraping/blob/master/php.md', '2015-08-17 20:57:55', '2015-08-19 20:17:39', 6, 'web-scraping-with-php', 2, 'This curated list titled Awesome Web Scraping has all the PHP libraries you could ever want for web scraping and data processing.'),
(158, 2, 'Progressive Enhancement With Adam Silver', 'http://adamsilver.io/articles/the-real-progressive-enhancement/', '2015-08-17 21:08:46', '2015-08-19 20:17:33', 6, 'progressive-enhancement-with-adam-silver', 2, 'Interesting take on the subject of Progressive Enhancement.  '),
(159, 3, 'Best Practices in HTML', 'http://www.katherinegshaw.com/best-practices-part-1-html/', '2015-08-17 23:22:36', '2015-08-19 20:17:24', 2, 'best-practices-in-html', 1, 'Best practices help one to follow conventions that increase the chances for favorable outcomes.'),
(160, 4, 'Responsive Design with Light Sensor API', 'http://www.iamtomnewton.com/blog/additional-layer-responsive-design/', '2015-08-17 23:30:54', '2015-08-19 20:17:18', 2, 'responsive-design-with-light-sensor-api', 1, 'If you are paying the utmost attention to detail in your designs - you may like this article about light sensor api for responsive design.'),
(161, 3, 'Bite Sized Video Training for the Modern Web Stack', 'https://egghead.io/', '2015-08-18 00:06:20', '2015-08-19 20:17:11', 1, 'bite-sized-video-training-for-the-modern-web-stack', 2, 'Tutorials about D3, AngularJS, React, ES6, and more.'),
(162, 9, 'getAwesomeness()', 'http://getawesomeness.com', '2015-08-18 15:03:18', '2015-08-19 20:17:05', 1, 'getawesomeness', 1, 'Awesome PHP, Awesome JavaScript, Awesome HTML5, and Awesome anything else you can think of powered by Github.'),
(163, 3, 'Auryn IoC Dependency Injector', 'http://shadowhand.me/dependency-injection-with-auryn/', '2015-08-18 17:41:56', '2015-08-18 17:41:56', 7, 'auryn-ioc-dependency-injector', 0, 'Dependency Inversion one of the trickier concepts in the solid design principles.  This article reviews working with Auryn to make it easier.'),
(164, 2, 'Falcor by Netflix', 'http://netflix.github.io/falcor/', '2015-08-18 17:47:14', '2015-08-18 17:47:14', 7, 'falcor-by-netflix', 0, 'A JavaScript library for efficient data fetching.'),
(165, 4, 'Does the mobile web suck?', 'http://watb.co.uk/the-mobile-web-sucks-nilay-patel-is-right-and-wrong-an-expert-view/', '2015-08-18 17:51:21', '2015-08-19 20:16:45', 5, 'does-the-mobile-web-suck', 1, 'Nilay Patel has deemed the mobile web a suckfest.  This article examines that claim.'),
(166, 5, 'Devops for Security', 'https://www.jayschulman.com/why-security-needs-devops/', '2015-08-18 17:54:08', '2015-08-19 20:16:40', 5, 'devops-for-security', 1, 'A good post about how Devops integrates into a secure environment.'),
(167, 6, 'Minimax Algorithm in Tic Tac Toe', 'http://neverstopbuilding.com/minimax', '2015-08-18 17:56:32', '2015-08-19 20:16:35', 5, 'minimax-algorithm-in-tic-tac-toe', 1, 'A programmer creates an unbeatable tic tac toe game using the Minimax algorithm.'),
(168, 2, 'C3.js', 'http://c3js.org/', '2015-08-18 19:25:04', '2015-08-19 20:16:28', 2, 'c3-js', 1, 'Create D3 charts via a simplified wrapper api.'),
(169, 9, 'IndieWeb', 'http://indiewebcamp.com/', '2015-08-18 19:43:53', '2015-08-19 22:25:08', 1, 'indieweb', 2, 'The IndieWeb is important - it focuses on You, not the corporations that own the big silo content farms.  It is a people focused alternative to the corporate web.'),
(170, 1, 'BowerPHP', 'http://bowerphp.org/', '2015-08-19 20:09:00', '2015-08-19 20:09:00', 7, 'bowerphp', 0, 'The power of Bower for your front end assets without Node.js.'),
(171, 1, 'Robo - Modern Task Runner for PHP', 'http://robo.li/', '2015-08-19 20:14:53', '2015-08-19 20:14:53', 7, 'robo-modern-task-runner-for-php', 0, 'Write all kinds of tasks in a familiar and easy to read object oriented style.'),
(172, 2, 'Create a Google Maps Route Planner', 'http://veerasundar.com/blog/2015/08/route-planner-using-reactjs/', '2015-08-19 20:29:25', '2015-08-19 20:29:25', 6, 'create-a-google-maps-route-planner', 0, 'This post describes how to build a Google Maps Route Planner using the popular ReactJS framework.'),
(173, 4, 'Official Bootstrap Themes', 'http://themes.getbootstrap.com/', '2015-08-19 20:40:24', '2015-08-19 20:40:24', 1, 'official-bootstrap-themes', 0, 'Customize and extend your Bootstrap powered project with these Official Themes.'),
(174, 1, 'Intervention Image', 'http://image.intervention.io/', '2015-08-19 21:54:17', '2015-08-19 21:54:17', 1, 'intervention-image', 0, 'Intervention Image supports both Imagick and GD Library to create, edit, and compose images in PHP.'),
(175, 6, 'Object Oriented Programming without Inheritance', 'https://www.youtube.com/watch?v=xcpSLRpOMJM', '2015-08-20 01:32:06', '2015-08-20 01:32:06', 1, 'object-oriented-programming-without-inheritance', 0, 'Bjarne Stroustrup talks programming OOP without inheritance.'),
(176, 3, 'Codular', 'http://codular.com/', '2015-08-20 18:40:13', '2015-08-28 21:14:25', 1, 'codular', 1, 'A Web Development Tutorials blog with the cleanest design ever.'),
(177, 3, 'How Relational Databases Work', 'http://coding-geek.com/how-databases-work/', '2015-08-20 21:21:35', '2015-08-20 21:21:35', 7, 'how-relational-databases-work', 0, 'A nice write up about how relational databases really work.'),
(178, 2, 'About ES5 Object Literals', 'http://www.2ality.com/2015/08/object-literals-es5.html', '2015-08-20 21:29:40', '2015-08-20 21:29:40', 7, 'about-es5-object-literals', 0, 'Axel Rauschmayer covers a few things about object literals in JavaScript you may not have known.'),
(179, 6, 'Learning Regular Expressions', 'http://hugogiraudel.com/2015/08/19/learning-regular-expressions-the-practical-way/', '2015-08-20 22:52:17', '2015-08-20 22:52:17', 7, 'learning-regular-expressions', 0, 'Hugo Giraudel teaches you all about regular expressions in this great article.'),
(180, 5, 'Does the Cloud Remove Assholes?', 'http://crushedby1sand0s.blogspot.com/2015/08/cloud-and-devops-eliminating-entire.html', '2015-08-21 20:13:45', '2015-08-21 20:13:45', 5, 'does-the-cloud-remove-assholes', 0, 'Crushed by 1s and 0s gives an interesting perspective of the net benefit of infrastructure in the cloud.'),
(181, 4, 'Fresh Bootstrap Table', 'http://ct-freebies-test.herokuapp.com/fresh-bootstrap-table', '2015-08-22 00:48:01', '2015-08-22 00:48:01', 5, 'fresh-bootstrap-table', 0, 'This bootstrap table by Creative Tim is incredible.  Check it out!'),
(182, 1, 'Immutable Objects in PHP', 'http://blog.joefallon.net/2015/08/immutable-objects-in-php/', '2015-08-22 00:59:06', '2015-08-22 00:59:06', 5, 'immutable-objects-in-php', 0, 'This article talks about using the builder design pattern to work with immutable objects in PHP.'),
(183, 2, 'Lazy Load Your Images', 'http://ivopetkov.com/b/lazy-load-responsive-images/', '2015-08-22 01:50:15', '2015-08-22 01:50:15', 2, 'lazy-load-your-images', 0, 'Learn how to lazy load responsive html images in this great post.'),
(184, 6, 'How To Program A Game Boy', 'https://www.reinterpretcast.com/writing-a-game-boy-advance-game', '2015-08-22 01:58:25', '2015-08-22 01:58:25', 2, 'how-to-program-a-game-boy', 0, 'Joe Savage takes you on a journey of game boy programming in this blog post.'),
(185, 2, 'Plain JavaScript DOM Manipulation', 'http://ponyfoo.com/articles/things-you-can-do-in-plain-javascript', '2015-08-22 02:28:02', '2015-08-22 02:28:02', 1, 'plain-javascript-dom-manipulation', 0, 'Believe it or not, you can work on the DOM without jQuery!  This article talks about how.'),
(186, 6, 'How To Fix a Slow Rails App', 'http://blog.skylight.io/fixing-the-mysterious-slow-request/', '2015-08-22 03:01:13', '2015-08-22 03:01:13', 1, 'how-to-fix-a-slow-rails-app', 0, 'If you sometimes experience slowness with your Rails app, check out this article.'),
(187, 2, 'Meteor and SQL', 'http://info.meteor.com/blog/an-early-look-at-sql-in-meteor', '2015-08-22 03:32:54', '2015-08-22 03:32:54', 1, 'meteor-and-sql', 0, 'Can you use SQL with Meteor JS?'),
(188, 9, 'Shortcuts For Text Editing on the Mac', 'http://typography.guru/list/20-mac-text-editing-shortcuts/', '2015-08-24 17:34:52', '2015-08-24 17:34:52', 2, 'shorcuts-for-text-editing-on-the-mac', 0, 'When you have a command of the shortcuts, your workflow will be faster and more accurate.  Ralf Herrmann shows you how.'),
(189, 3, 'Adjusting Letterspacing Type', 'http://johndjameson.com/blog/guidelines-for-letterspacing-type/', '2015-08-24 18:13:26', '2015-08-24 18:13:42', 5, 'adjusting-letterspacing-type', 1, 'John Jameson talks about what makes great typography and where letterspacing type fits into it.'),
(190, 4, 'UI Movement', 'http://uimovement.com/', '2015-08-24 18:26:27', '2015-08-24 18:26:27', 6, 'ui-movement', 0, 'UI Movement is a really cool website that highlights incredible UI Design, every day.'),
(191, 7, 'Supporting Those That Support You', 'http://q5sys.sh/2015/08/open-source-is-about-supporting-those-who-support-you/', '2015-08-24 19:01:33', '2015-08-24 19:01:33', 6, 'supporting-those-that-support-you', 0, 'An interesting read about open source software, Eric Raymond, and the associated communities that are interdependent on each other.'),
(192, 3, 'How To Debug Memory Leaks in NodeJS', 'http://blog.yld.io/2015/08/10/debugging-memory-leaks-in-node-js-a-walkthrough/', '2015-08-24 19:11:08', '2015-08-24 19:11:08', 7, 'how-to-debug-memory-leaks-in-nodejs', 0, 'Hassy Veldstra covers the concept of memory leaks in software, and how to debug them in NodeJS.'),
(193, 1, 'What is the Composer Lock File?', 'http://daylerees.com/the-composer-lock-file/', '2015-08-24 19:23:51', '2015-08-24 19:23:51', 1, 'what-is-the-composer-lock-file', 0, 'Dayle Rees gives you a crash course in everything you need to know about the composer lock file.'),
(194, 4, 'Stiched Leather Effect in Photoshop', 'http://medialoot.com/blog/create-an-easy-stitched-leather-type-effect-in-photoshop/', '2015-08-24 19:37:40', '2015-08-24 19:37:40', 6, 'stiched-leather-effect-in-photoshop', 0, 'Nathan Brown breaks it down in this Photoshop Tutorial to create a stitched leather effect.'),
(195, 4, 'How Fast Should Animations Load?', 'https://viget.com/inspire/experiments-in-loading-how-long-will-you-wait', '2015-08-24 20:12:11', '2015-08-24 20:12:11', 1, 'how-fast-should-animations-load', 0, 'Ian Tate takes a deep dive into what makes a good user experience for animation load times.'),
(196, 1, 'Code Reuse in PHP with Traits', 'http://www.phpclasses.org/blog/post/308-How-to-Make-Better-Reuse-of-PHP-Code-using-Traits-Part-2-Advanced-Traits-Usage-Explained.html', '2015-08-24 20:58:01', '2015-08-24 20:58:01', 7, 'code-reuse-in-php-with-traits', 0, 'Dave Smith authors this nice tutorial about how to use Traits in your PHP code for efficient code reuse.'),
(197, 6, 'Level Up By Power Cycling', 'http://growthalytics.com/troubleshooting/programming/2015/08/21/the-power-of-power-cycling/', '2015-08-24 21:01:34', '2015-08-24 21:01:34', 7, 'level-up-by-power-cycling', 0, 'That&#39;s right.  Learn how to effectively power cycle to fix almost anything in your life.'),
(198, 2, 'Using React.js with Legacy jQuery', 'http://winterbe.com/posts/2015/08/24/integrate-reactjs-into-jquery-webapps/', '2015-08-24 21:15:57', '2015-08-24 21:15:57', 2, 'using-reach-js-with-legacy-jquery', 0, 'This blog post at winterbe.com covers integrating React.js into existing jQuery projects.'),
(199, 4, 'Get Creative With Your Avatars', 'http://morgancarter.com.au/design-solutions/placeholder-avatars/', '2015-08-24 21:57:17', '2015-08-24 21:57:17', 6, 'get-creative-with-your-avatars', 0, 'This article by Morgan Carter tackles the problem of generic avatars and how you can do better.'),
(200, 9, 'Break Through Creative Block', 'http://danielmall.com/articles/switch-creative-block/', '2015-08-24 22:08:07', '2015-08-24 22:08:07', 6, 'break-through-creative-block', 0, 'Dan Mall talks about how to use switch points to lesson the agony of creative blocks.'),
(201, 7, 'Learn The Command Line with Codecademy', 'https://www.codecademy.com/en/courses/learn-the-command-line', '2015-08-25 17:38:59', '2015-08-25 17:38:59', 1, 'learn-the-command-line-with-codecademy', 0, 'Having a good grasp of the command line is a must for any web developer.'),
(202, 8, 'Google Starts Showing Tweets In Desktop Search', 'http://searchenginewatch.com/sew/news/2423066/tweets-officially-show-in-google-desktop-searches', '2015-08-25 17:46:33', '2015-08-25 18:00:23', 5, 'google-starts-showing-tweets-in-desktop-search', 1, 'It looks like Google and Twitter have teamed up to include Tweets in Desktop serps.'),
(203, 5, 'Ansible Is Hot For DevOps', 'http://jobsignal.io/analysis/devops/2015/08/20/the-new-must-have-devops-skill/', '2015-08-25 17:52:05', '2015-08-25 17:52:05', 7, 'ansible-is-hot-for-devops', 0, 'If you&#39;re working in DevOps, Ansible is the hot technology to know right now.'),
(204, 9, 'The Web Development Reading List', 'http://www.smashingmagazine.com/2015/08/web-development-reading-list-100/', '2015-08-25 18:06:56', '2015-08-25 18:06:56', 2, 'the-web-development-reading-list', 0, 'Smashing Magazine and Anselm Hannemann bring you the latest trends that you need to know about.'),
(205, 4, 'Elemental UI', 'http://elemental-ui.com/', '2015-08-25 18:16:27', '2015-08-25 18:16:27', 1, 'elemental-ui', 0, 'Elemental UI is a user interface library for React.js Applications and Websites.'),
(206, 1, 'The PHP Community is Thriving', 'http://www.garfieldtech.com/blog/php-conference-data', '2015-08-25 18:28:12', '2015-08-25 18:28:12', 7, 'the-php-community-is-thriving', 0, 'GarfieldTech dispels the myth that the PHP community is narrow minded and uninterested in cultures other than their own.\r\n'),
(207, 9, 'Avoid Overworking and Burnout', 'https://hbr.org/2015/08/the-research-is-clear-long-hours-backfire-for-people-and-for-companies', '2015-08-25 18:32:30', '2015-08-25 18:32:30', 6, 'avoid-overworking-and-burnout', 0, 'Harvard Business Review finds through extended research that excessively long hours are bad for companies, and their workers.'),
(208, 2, 'Understand npm', 'https://unpm.nodesource.com/', '2015-08-25 20:00:13', '2015-08-25 20:00:13', 2, 'understand-npm', 0, 'This incredible visualization in tutorial form will help you understand exactly how npm works.'),
(209, 8, 'Search Engine Watch', 'http://searchenginewatch.com', '2015-08-25 22:49:58', '2015-08-25 22:49:58', 1, 'search-engine-watch', 0, 'Search Engine Watch is one of the premier websites to cover the search engine industry.'),
(210, 8, 'Search Engine Land', 'http://searchengineland.com', '2015-08-25 22:51:40', '2015-08-25 22:51:40', 1, 'search-engine-land', 0, 'Search Engine Land provides daily tips and tricks for the search marketing industry.'),
(211, 9, 'Win Back The Open Web', 'http://buytaert.net/winning-back-the-open-web', '2015-08-25 22:56:43', '2015-08-25 22:56:43', 7, 'win-back-the-open-web', 0, 'Dries Buytaert makes an eye opening case for the Open Web and all of the benefits it provides.  A must read.'),
(212, 9, 'Free Stock Photos', 'http://www.pexels.com', '2015-08-25 23:04:22', '2015-08-25 23:04:22', 2, 'free-stock-photos', 0, 'Pexels provides awesome stock photos at a great cost, free!');
INSERT INTO `links` (`id`, `category_id`, `name`, `url`, `created_at`, `updated_at`, `user_id`, `slug`, `outbound_count`, `description`) VALUES
(213, 4, 'New Features in Bootstrap 4', 'https://scotch.io/bar-talk/whats-new-in-bootstrap-4', '2015-08-26 00:14:55', '2015-08-26 00:14:55', 2, 'new-features-in-bootstrap-4', 0, 'Scotch.io takes a look at what&#39;s new, and what&#39;s not in the latest release of the popular Bootstrap Framework.'),
(214, 7, 'Linux Really *is* More Secure', 'http://www.ocsmag.com/2015/08/26/the-basic-principles-of-security-and-why-they-matter/', '2015-08-26 19:32:33', '2015-08-26 19:32:33', 1, 'linux-really-is-more-secure', 0, 'Bruce Byfield examines the nature of security on popular operating systems and why Linux is more secure.'),
(215, 4, 'Just What Are Wingdings For?', 'http://www.vox.com/2015/8/25/9200801/wingdings-font-history', '2015-08-26 19:37:45', '2015-08-26 19:37:45', 6, 'just-what-are-wingdings-for', 0, 'A very interesting article about what Wingdings are, and how they became a phenomenon.'),
(216, 1, 'On Community In PHP', 'http://matthewtrask.net/blog/community/', '2015-08-26 19:45:20', '2015-08-26 19:45:20', 7, 'on-community-in-php', 0, 'Get involved and be part of the community, no matter what language you are involved with, PHP or otherwise.'),
(217, 2, 'Seamless Angular 1 to Angular 2 Upgrades', 'http://angularjs.blogspot.com/2015/08/angular-1-and-angular-2-coexistence.html', '2015-08-26 19:48:16', '2015-08-26 19:48:16', 7, 'seamless-angular-1-to-angular-2-upgrades', 0, 'Angular 2 is here, and many developers are going to want to move from Angular 1 to Angular 2.  This article shows you how with the least pain.'),
(218, 9, 'Placeholder Images with PlaceIMG', 'https://placeimg.com/', '2015-08-26 19:51:10', '2015-08-26 19:51:10', 7, 'placeholder-images-with-placeimg', 0, 'A great service to find placeholder images of technology, nature, animals, architecture, and more.'),
(219, 3, 'Laravel Blade vs Twig Templates', 'http://barryvdh.nl/laravel/twig/2015/08/22/comparing-blade-and-twig-templates-in-laravel/', '2015-08-26 19:57:54', '2015-08-26 19:57:54', 7, 'laravel-blade-vs-twig-templates', 0, 'Barry vd. Heuvel takes us on a tour of the similarities and differences of using Laravel Blade vs Twig.\r\n'),
(220, 5, 'DevOps with Docker in Production', 'https://www.amon.cx/blog/docker-in-production-for-the-average-devops/', '2015-08-26 20:02:08', '2015-08-26 20:02:08', 7, 'devops-with-docker-in-production', 0, 'A blogpost by Martin Rusev that talks about dealing with Docker in a production environment, and it&#39;s associated complexities.'),
(221, 6, 'How To Write Better Markdown', 'http://brettterpstra.com/2015/08/24/write-better-markdown/', '2015-08-26 20:07:37', '2015-08-26 20:07:37', 1, 'how-to-write-better-markdown', 0, 'http://brettterpstra.com has this nice blog posting about using common sense guidelines when using Markdown.'),
(222, 6, 'Who Hacked Ashley Madison?', 'http://krebsonsecurity.com/2015/08/who-hacked-ashley-madison/', '2015-08-26 20:51:43', '2015-08-26 20:51:43', 1, 'who-hacked-ashley-madison', 0, 'KrebsOnSecurity takes a look at some interesting data points in determining who is behind the Ashley Madison hack.'),
(223, 9, 'GlyphSearch by Thomas Park', 'http://glyphsearch.com', '2015-08-26 21:14:45', '2015-08-26 21:14:45', 6, 'glyphsearch-by-thomas-park', 0, 'Thomas Park of Bootswatch fame brings you the awesome GlyphSearch to help you find any icon you need.'),
(224, 4, 'Sass Lang', 'http://sass-lang.com', '2015-08-26 21:36:09', '2015-08-26 21:36:09', 1, 'sass-lang', 0, 'SCSS, or Sassy CSS, is a superset of CSS3 that makes CSS fun again with superpowers and magic. '),
(225, 4, 'Death To Bullshit', 'http://deathtobullshit.com/', '2015-08-26 21:55:01', '2015-08-26 21:55:01', 1, 'death-to-bullshit', 0, 'Death To Bullshit - Advocating for better web experiences minus the bullshit.'),
(226, 2, 'JavaScript vs CSS Animations', 'http://www.joshmayorga.net/blog/web-development/css-animations-vs-javascript/', '2015-08-27 01:43:20', '2015-08-27 01:43:20', 2, 'javascript-vs-css-animations', 0, 'This blog post by Josh Mayorga dives into Animations with CSS vs Animations with JavaScript.'),
(227, 5, 'Servers for Hackers Videos', 'https://serversforhackers.com/series', '2015-08-27 02:35:00', '2015-08-27 02:35:00', 7, 'servers-for-hackers-videos', 0, 'Chris Fidao covers all the techniques you need to know in this Servers for Hackers series.'),
(228, 3, 'Modular JavaScript Tutorials', 'https://www.youtube.com/playlist?list=PLoYCgNOIyGABs-wDaaxChu82q_xQgUb4f', '2015-08-27 03:12:41', '2015-08-27 03:12:41', 1, 'modular-javascript-tutorials', 0, 'Will Stern teaches you how to go from spaghetti JavaScript with global variables to clean and modern modularized JavaScript.'),
(229, 1, 'Flarum', 'http://flarum.org', '2015-08-27 17:53:08', '2015-08-28 21:13:40', 1, 'flarum', 4, 'Beautiful forum software with a focus on simplicity, speed, and fun.'),
(230, 2, 'How does ReactJS work in AngularJS?', 'http://blog.500tech.com/using-reactjs-with-angularjs/', '2015-08-27 18:08:37', '2015-08-27 18:10:27', 5, 'how-does-reactjs-work-in-angularjs', 1, '500 Tech Advanced Web Development has this awesome step by step tutorial on how to use ReactJS with AngularJS.'),
(231, 5, 'Bryan Cantrill on Containers', 'http://softwareengineeringdaily.com/2015/08/26/containers-with-bryan-cantrill-from-joyent/', '2015-08-27 18:23:54', '2015-08-27 18:23:54', 7, 'bryan-cantrill-on-containers', 0, 'The CTO of Joyent talks about how and why containers are central to the devops movement.'),
(232, 1, 'PHP Seven!', 'https://laracasts.com/series/php7-up-and-running', '2015-08-27 18:41:19', '2015-08-27 18:41:19', 1, 'php-seven', 0, 'Jeff Way covers all the new features, bug fixes, and of course the huge speed increases of PHP7.'),
(233, 6, 'Timesheets Suck', 'http://mike-solomon.com/timesheet-githook', '2015-08-27 21:45:00', '2015-08-27 21:45:00', 7, 'timesheets-suck', 0, 'Mike Solomon created this git hook to ease humanity of the burden and tedium that timesheets are.'),
(234, 1, 'Hoa Project', 'http://hoa-project.net', '2015-08-27 21:47:46', '2015-08-27 21:47:46', 7, 'hoa-project', 0, 'Hoa is a collection of PHP libraries that are extensible, structured, and modular which shrink the gap between research and industry.'),
(235, 9, 'Carbon Ads', 'http://carbonads.net', '2015-08-28 00:42:34', '2015-08-28 01:02:30', 5, 'carbon-ads', 1, 'Carbon Ads is a high end network of premium content providers and advertisers for increased ROI per investment.'),
(236, 3, 'SitePoint', 'http://www.sitepoint.com', '2015-08-28 00:45:26', '2015-08-28 00:45:26', 1, 'sitepoint', 0, 'SitePoint offers leaning resources in HTML, JavaScript, PHP, Ruby, Mobile, and more.'),
(237, 8, 'Iconfinder', 'https://www.iconfinder.com', '2015-08-28 00:47:21', '2015-08-28 21:48:32', 6, 'iconfinder', 0, 'Iconfinder boasts over half a million and counting icons for personal and commercial use.'),
(238, 9, 'Pastebin', 'http://pastebin.com', '2015-08-28 00:51:03', '2015-08-28 00:51:03', 2, 'pastebin', 0, 'Pastebin is the number one online code paste tool since 2002 with support for syntax highlighting, privacy options, and expiration times.'),
(239, 4, 'Hongkiat', 'http://www.hongkiat.com', '2015-08-28 01:00:39', '2015-08-28 01:00:39', 6, 'hongkiat', 0, 'Hongkiat is a modern blog for techies, designers, and developers.  Hongkiat has tutorials, tips, and inspiration for all.'),
(240, 3, 'How DNS Works', 'https://howdns.works', '2015-08-28 19:38:39', '2015-08-28 19:38:39', 1, 'how-dns-works', 0, 'An incredibly easy to follow illustration of how the domain name system works when you use the internet.'),
(241, 2, 'Gulp Best Practices', 'http://blog.rangle.io/angular-gulp-bestpractices/', '2015-08-28 19:54:30', '2015-08-28 19:54:30', 8, 'gulp-best-practices', 0, 'Rangle.io provides this post about how to use Gulp to streamline your workflow.'),
(242, 9, 'Experts Exchange', 'http://www.experts-exchange.com', '2015-08-28 20:01:48', '2015-08-28 20:03:46', 8, 'experts-exchange', 1, 'Experts Exchange is a premier network for technology pros to help each other solve problems, learn new skills, and network.'),
(243, 4, 'CSS Tricks', 'https://css-tricks.com', '2015-08-28 21:30:09', '2015-08-28 21:30:09', 1, 'css-tricks', 0, 'The de facto source for all things CSS since July 4th of 2007.'),
(244, 9, 'Colour Lovers', 'http://www.colourlovers.com', '2015-08-28 21:34:13', '2015-08-28 21:34:13', 8, 'colour-lovers', 0, 'Colour Lovers is a wonderful website that focuses on the colorful aspect of design with palettes, patterns, and colors.'),
(245, 9, 'Daniweb', 'https://www.daniweb.com', '2015-08-28 21:41:36', '2015-08-28 21:42:18', 5, 'daniweb', 1, 'Daniweb is the technology focused social media community for Information Technology workers.'),
(246, 8, 'Find Icons', 'http://findicons.com', '2015-08-28 21:47:08', '2015-08-28 21:47:08', 6, 'find-icons', 0, 'Findicons.com is a search engine dedicated to finding quality free icons for your website or application.'),
(247, 4, 'Logo Pond', 'http://logopond.com', '2015-08-28 22:00:56', '2015-08-28 22:00:56', 6, 'logo-pond', 0, 'Logo Pond showcases various categories of inspirational designs from across the globe.'),
(248, 3, 'Tuts Plus Design', 'http://design.tutsplus.com', '2015-08-28 22:26:59', '2015-08-28 22:26:59', 10, 'tuts-plus-design', 0, 'The design arm of the Tuts Plus network by envato features tutorials on Photoshop, Illustrator, general design, and more.'),
(249, 15, 'Digital Inspiration', 'http://www.labnol.org', '2015-08-28 22:53:12', '2015-08-28 22:53:12', 10, 'digital-inspiration', 0, 'Digital Inspiration is an award winning technology focused blog run by Amit Agarwal that provides how to guides and lifehacks for software, gadgets, and web apps.'),
(250, 4, 'Codrops', 'http://tympanus.net/codrops', '2015-08-29 00:49:40', '2015-08-29 00:49:40', 6, 'codrops', 0, 'Codrops offers high quality articles and tutorials about web design and development in addition to the latest web trends.'),
(251, 9, 'Vecteezy', 'http://www.vecteezy.com', '2015-08-29 00:58:11', '2015-08-29 00:58:11', 1, 'vecteezy', 0, 'Vecteezy has some of the best vector art to be found online, many of which can be used freely in your next project.'),
(252, 8, 'Vector.me', 'http://vector.me', '2015-08-29 01:44:49', '2015-08-29 01:44:49', 5, 'vector-me', 0, 'Enter a keyword at Vector.me and easily search through hundreds of thousands of free vectors for you to use.'),
(253, 7, 'LinuxQuestions.org', 'http://www.linuxquestions.org', '2015-08-29 03:12:50', '2015-08-29 03:12:50', 8, 'linuxquestions-org', 0, 'LinuxQuestions is a welcoming and active community focused on the open source Linux operating system.'),
(254, 2, 'Mithril', 'http://mithril.js.org', '2015-08-29 03:33:18', '2015-08-29 03:33:18', 1, 'mithril', 0, 'Mithril is a client side mvc framework that is super lightweight and super fast with a small api and learning curve.'),
(255, 6, 'Java Code Geeks', 'http://www.javacodegeeks.com', '2015-08-31 17:34:19', '2015-08-31 17:34:19', 8, 'java-code-geeks', 0, 'Java Code Geeks is a welcoming online community for Java Developers to interact with other Java Developers.'),
(256, 9, 'HotScripts', 'http://www.hotscripts.com', '2015-08-31 17:37:31', '2015-08-31 17:37:31', 11, 'hotscripts', 0, 'HotScripts is a website that offers free snippets for all popular languages such as Ruby on Rails, PHP, HTML5, Java, and more.'),
(257, 4, 'Abduzeedo', 'http://abduzeedo.com', '2015-08-31 17:40:39', '2015-08-31 17:40:39', 11, 'abduzeedo', 0, 'Abduzeedo is a fantastic resource that offers helpful tutorials, visual inspiration, and a large collection of design related material.'),
(258, 9, 'Urban Fonts', 'http://www.urbanfonts.com', '2015-08-31 17:44:29', '2015-08-31 17:44:29', 6, 'urban-fonts', 0, 'Urban Fonts maintains a collection of over 8,000 free and premium level fonts and dingbats for use in your website or application.'),
(259, 4, 'Brusheezy', 'http://www.brusheezy.com', '2015-08-31 17:47:19', '2015-08-31 17:47:19', 6, 'brusheezy', 0, 'Brusheezy is the ultimate destination for sharing and finding Photoshop brushes and Photoshop resources.'),
(260, 7, 'Unix and Linux Forums', 'http://www.unix.com', '2015-08-31 17:56:44', '2015-08-31 17:56:44', 7, 'unix-and-linux-forums', 0, 'Unix and Linux Forums is a community with over 100,000 threads discussing the Unix and Linux operating systems.'),
(261, 4, 'Graphic Burger', 'http://graphicburger.com', '2015-08-31 18:12:31', '2015-08-31 18:12:31', 5, 'graphic-burger', 0, 'Graphic Burger has the best high quality resources for various PSD and Photoshop related resources.'),
(262, 9, 'Blogger Templates', 'http://btemplates.com', '2015-08-31 18:16:04', '2015-08-31 18:16:04', 5, 'blogger-templates', 0, 'Btemplates has thousands of free templates for your Google powered blogger blog.'),
(263, 4, 'Web Designer Depot', 'http://www.webdesignerdepot.com', '2015-08-31 18:20:11', '2015-08-31 18:20:11', 1, 'web-designer-depot', 0, 'Web Designer Depot is the ultimate destination for tips, hacks, and techniques for Web Design and Development.'),
(264, 4, 'From Up North', 'http://www.fromupnorth.com', '2015-08-31 18:31:24', '2015-08-31 18:31:24', 2, 'from-up-north', 0, 'From Up North promotes and inspires creative minds all across the globe in Graphics, Design, Photography, and more.'),
(265, 4, 'Spoon Graphics', 'http://blog.spoongraphics.co.uk', '2015-08-31 18:35:10', '2015-08-31 18:35:10', 8, 'spoon-graphics', 0, 'Spoon Graphics is the blog and design playground of famed designer Chris Spooner which shares inspiration, tutorials, and tips.'),
(266, 2, 'Polyfills as a service', 'http://polyfills.io', '2015-08-31 18:45:17', '2015-08-31 18:45:17', 8, 'polyfills-as-a-service', 0, 'Polyfills as a service bundles together any needed polyfills into one JavaScript file via the User-Agent header. '),
(267, 4, 'David Walsh Blog', 'http://davidwalsh.name', '2015-08-31 18:55:59', '2015-08-31 18:55:59', 1, 'david-walsh-blog', 0, 'DWB is an incredible web design and developer blog covering Ajax, CSS, HTML5, JavaScript, Node.js, PHP, and more.'),
(268, 3, 'Scotch', 'https://scotch.io', '2015-08-31 18:58:21', '2015-08-31 18:58:21', 1, 'scotch', 0, 'Scotch is an awesome blog that pushes the boundaries of modern web development and design.'),
(269, 4, 'Specky Boy', 'http://speckyboy.com', '2015-08-31 19:00:48', '2015-08-31 19:00:48', 1, 'specky-boy', 0, 'Specky Boy is an online design magazine that has fantastic tutorials, collections of resources, and commentary on the latest design trends.'),
(270, 6, 'JournalDev', 'http://www.journaldev.com', '2015-08-31 19:17:04', '2015-08-31 19:17:04', 1, 'journaldev', 0, 'JournalDev has a wealth of Java and Information Technology related articles and tutorials for aspiring developers.'),
(271, 4, 'Web Design Tuts Plus', 'http://webdesign.tutsplus.com', '2015-08-31 19:21:27', '2015-08-31 19:21:27', 11, 'web-design-tuts-plus', 0, 'Web Design Tuts Plus is the web design arm of the Tuts Plus network and covers all things design related.'),
(272, 8, 'Search Engine Journal', 'http://www.searchenginejournal.com', '2015-08-31 19:23:07', '2015-08-31 19:23:07', 11, 'search-engine-journal', 0, 'Search Engine Journal highlights the most important new developments in the search and online marketing industry.'),
(273, 9, 'HTML.net', 'http://html.net', '2015-08-31 19:27:42', '2015-08-31 19:27:42', 6, 'html-net', 0, 'HTML.net helps introduce newcomers to web development with easy tutorials in HTML, CSS, PHP, and JavaScript.'),
(274, 4, 'DesignModo', 'http://designmodo.com', '2015-08-31 19:29:56', '2015-08-31 19:29:56', 6, 'designmodo', 0, 'DesignModo has some of the best resources for designers and developers on the internet today.'),
(275, 9, 'Bolt', 'https://bolt.cm', '2015-08-31 19:37:13', '2015-08-31 19:37:13', 7, 'bolt', 0, 'Bolt is a content management system which is easy for editors, and a dream for developers.'),
(276, 2, 'JavaScript Kit', 'http://www.javascriptkit.com', '2015-08-31 19:41:06', '2015-08-31 19:41:06', 7, 'javascript-kit', 0, 'JavaScript Kit is a comprehensive resource for tutorials, free scripts, references, and more for the JavaScript language.'),
(277, 2, 'Dynamic Drive', 'http://www.dynamicdrive.com', '2015-08-31 19:43:27', '2015-08-31 19:43:27', 7, 'dynamic-drive', 0, 'Dynamic Drive is one of the pioneers of the Dynamic HTML movement with forums, scripts, tutorials, and news for web designers.'),
(278, 4, 'design shack', 'http://designshack.net', '2015-08-31 19:47:00', '2015-08-31 19:47:00', 11, 'design-shack', 0, 'design shack provides fantastic tutorials and resources in the web development space to help designers and developers succeed and get inspired.'),
(279, 4, 'The Best Designs', 'https://www.thebestdesigns.com', '2015-08-31 20:48:35', '2015-08-31 20:48:35', 11, 'the-best-designs', 0, 'The Best Designs features some of the best web designs to be found on the internet.'),
(280, 3, 'InstantShift', 'http://www.instantshift.com', '2015-08-31 20:51:54', '2015-08-31 20:51:54', 8, 'instantshift', 0, 'InstantShift is a leading web design blog that will shift your inspiration and creativity into high gear with free resources, tips, and tutorials.'),
(281, 9, 'Craft ', 'https://buildwithcraft.com', '2015-08-31 20:56:48', '2015-08-31 20:56:48', 1, 'craft', 0, 'Craft CMS is a high end content management system with the ultimate in control for developers, and ease of use for end users.'),
(282, 1, 'The PHP League', 'https://thephpleague.com', '2015-08-31 21:21:36', '2015-08-31 21:21:36', 1, 'the-php-league', 0, 'The League of Extraordinary Packages is the name given to a collection of developers that build extraordinary PHP packages.'),
(283, 1, 'Joomla', 'http://www.joomla.org', '2015-08-31 21:29:48', '2015-08-31 21:29:48', 5, 'joomla', 0, 'Joomla is a powerful award winning content management system built with PHP and MySQL that powers some of the largest websites online.'),
(284, 1, 'Drupal', 'https://www.drupal.org', '2015-08-31 21:32:37', '2015-08-31 21:32:37', 1, 'drupal', 0, 'Drupal powers millions of websites and applications on the open web and has a thriving and diverse ecosystem with themes, modules, and thousands of contributors.'),
(285, 1, 'WordPress', 'https://wordpress.org', '2015-08-31 21:36:13', '2015-08-31 21:36:13', 1, 'wordpress', 0, 'WordPress is the most popular content management system in history, used by over 60 million people worldwide.'),
(286, 4, 'PSD Covers', 'http://www.psdcovers.com', '2015-08-31 21:40:16', '2015-08-31 21:40:16', 6, 'psd-covers', 0, 'PSD Covers is a service that lets users download Photoshop Cover Actions for product mockups and other graphic design projects.'),
(287, 3, 'CGI Tuts Plus', 'http://cgi.tutsplus.com/', '2015-08-31 21:41:47', '2015-08-31 21:41:47', 6, 'cgi-tuts-plus', 0, 'CGI Tuts Plus has a massive collection of tutorials to help you with 3D animation and motion graphics.'),
(288, 4, '365 PSD', 'http://365psd.com', '2015-08-31 21:43:47', '2015-08-31 21:43:47', 6, '365-psd', 0, '365 PSD has thousands of free vector graphics, logo designs, and photoshop graphics.'),
(289, 1, 'Concrete5', 'http://www.concrete5.org', '2015-08-31 21:52:46', '2015-08-31 21:52:46', 7, 'concrete5', 0, 'Concrete5 is a best of breed platform built with jQuery, Symfony, Redactor, Doctrine, and Laravel that powers sites by Cambridge University, McDonalds, LG, Cooper Mini, and more.'),
(291, 2, 'Node School', 'http://nodeschool.io', '2015-08-31 21:59:09', '2015-08-31 21:59:09', 1, 'node-school', 0, 'Node School is a website dedicated to developers wanting to learn the ultra popular Node.js programming platform.'),
(292, 1, 'SilverStripe', 'http://www.silverstripe.org', '2015-08-31 22:05:52', '2015-08-31 22:05:52', 1, 'silverstripe', 0, 'SilverStripe is a powerful content management platform built with PHP that makes use of an extensible framework that developers will love.'),
(293, 9, 'Hackaday', 'http://hackaday.com', '2015-08-31 22:19:39', '2015-08-31 22:19:39', 1, 'hackaday', 0, 'Hackaday embraces the true meaning of the word &#34;Hack&#34; which is an art form in which something is used in a way not originally intended.'),
(294, 3, 'HTML Dog', 'http://www.htmldog.com', '2015-08-31 22:39:04', '2015-08-31 22:39:04', 8, 'html-dog', 0, 'HTML Dog is the resource for web designers that are looking for tutorials, techniques, examples, and references for HTML, CSS, and JavaScript.'),
(295, 4, 'Design You Trust', 'http://designyoutrust.com', '2015-08-31 22:44:49', '2015-09-03 23:29:55', 8, 'design-you-trust', 1, 'Design You Trust provides user submitted content updated hourly that covers design trends, news, beautiful portfolios, fashion, and creative advertisements.'),
(296, 3, 'Tutorialzine', 'http://tutorialzine.com', '2015-08-31 22:50:09', '2015-08-31 22:50:09', 8, 'tutorialzine', 0, 'Tutorialzine is a website dedicated to bringing you the best web development tutorials available.'),
(297, 4, 'Vandelay Design', 'http://www.vandelaydesign.com/blog', '2015-08-31 23:13:10', '2015-08-31 23:13:10', 11, 'vandelay-design', 0, 'Vandelay Design offers tips and techniques for design to help creative types, small business owners, and entrepreneurs succeed.'),
(298, 3, 'CSS Author', 'http://www.cssauthor.com', '2015-08-31 23:15:29', '2015-08-31 23:15:29', 11, 'css-author', 0, 'CSS Author offers free Photoshop design resources, design inspirations, tutorials, roundups, and news about the latest trends and developments in web design.'),
(299, 4, 'Awwwards', 'http://www.awwwards.com', '2015-08-31 23:33:27', '2015-08-31 23:33:27', 6, 'awwwards', 0, 'Awwwards gives recognition to the effort put forth by the worlds most talented web designers and developers.'),
(300, 7, 'Linux Magazine', 'http://www.linux-magazine.com', '2015-08-31 23:35:23', '2015-08-31 23:35:23', 6, 'linux-magazine', 0, 'Linux Magazine keeps you updated with a focus on real life techniques and practical examples of Linux at work in the world today.'),
(301, 2, 'JavaScript is not Java', 'http://javascriptisnotjava.io', '2015-08-31 23:38:50', '2015-08-31 23:38:50', 6, 'javascript-is-not-java', 0, 'JavaScript is not Java is a website that highlights the ongoing confusion of what Java and JavaScript are and are not.'),
(302, 6, 'Best Programmer in the World', 'http://blog.codinghorror.com/why-im-the-best-programmer-in-the-world', '2015-08-31 23:41:28', '2015-08-31 23:41:28', 7, 'best-programmer-in-the-world', 0, 'Nobody is actually smart enough to program computers.  Just start with that.'),
(303, 2, 'RequireJS', 'http://requirejs.org', '2015-08-31 23:51:49', '2015-08-31 23:51:49', 7, 'requirejs', 0, 'RequireJS is a module and file loader built with JavaScript that will improve the quality and speed of your application.'),
(304, 1, 'Zend Framework', 'http://framework.zend.com', '2015-08-31 23:53:39', '2015-08-31 23:53:39', 7, 'zend-framework', 0, 'Zend Framework is one of the most popular PHP frameworks available with a component based architecture that is developer friendly.'),
(305, 1, 'Slim', 'http://www.slimframework.com', '2015-08-31 23:55:17', '2015-08-31 23:55:17', 7, 'slim', 0, 'Slim is a micro framework written in PHP that is incredibly fast, yet very useful for creating application programming interfaces and powerful web applications.'),
(306, 2, 'Handlebars', 'http://handlebarsjs.com', '2015-08-31 23:56:55', '2015-08-31 23:56:55', 7, 'handlebars', 0, 'Handlebars makes use of mustache like templates and lets you build semantic markup successfully while minimizing frustration.'),
(307, 9, 'Directus', 'http://getdirectus.com', '2015-08-31 23:59:05', '2015-08-31 23:59:05', 11, 'directus', 0, 'Directus is a modern free and open source MySQL Database Graphical User Interface Tool.'),
(308, 9, 'phpMyAdmin', 'https://www.phpmyadmin.net', '2015-09-01 00:00:27', '2015-09-01 00:00:27', 11, 'phpmyadmin', 0, 'phpMyAdmin is the world&#39;s most popular GUI for interacting with MySQL databases.'),
(309, 4, 'Six Revisions', 'http://sixrevisions.com', '2015-09-01 00:05:01', '2015-09-01 00:05:01', 6, 'six-revisions', 0, 'Six Revisions publishes articles, news, tutorials, and guides for web developers and designers.'),
(310, 9, 'WebDesignerNews', 'http://www.webdesignernews.com', '2015-09-01 00:58:08', '2015-09-15 22:10:10', 6, 'webdesignernews', 3, 'WebDesignerNews is a link aggregator service for the web design and development community.'),
(311, 9, 'Dzone', 'https://dzone.com/links', '2015-09-01 00:59:39', '2015-09-15 19:31:00', 7, 'dzone', 1, 'The Links section of Dzone highlights the most important links in the community with a Developer and Information Technology slant.'),
(312, 6, 'MySQL', 'https://www.mysql.com', '2015-09-01 01:02:03', '2015-09-01 01:02:03', 7, 'mysql', 0, 'MySQL is the most popular open source relational database in the world.'),
(313, 9, 'Hacker News', 'https://news.ycombinator.com', '2015-09-01 01:07:55', '2015-09-15 19:15:18', 5, 'hacker-news', 1, 'Hacker News is the link aggregator by Y Combinator.'),
(314, 15, 'Digg', 'http://digg.com', '2015-09-01 01:09:16', '2015-09-15 19:55:12', 5, 'digg', 2, 'Digg is the original link aggregator that had a technology news theme.'),
(315, 8, 'SEO Book', 'http://www.seobook.com/blog', '2015-09-01 01:12:35', '2015-09-01 01:12:35', 8, 'seo-book', 0, 'SEO Book is a leader in the Search Marketing community with tips, forums, and search engine optimization tutorials. '),
(316, 4, 'Brush Lovers', 'http://www.brushlovers.com', '2015-09-01 01:15:17', '2015-09-01 01:15:17', 8, 'brush-lovers', 0, 'Brush Lovers makes it easy for designers and developers to find the perfect Photoshop brush, style, or gradient for your website or application.'),
(317, 4, 'Overpass Web Font', 'http://overpassfont.org', '2015-09-01 17:36:21', '2015-09-01 17:36:21', 1, 'overpass-web-font', 0, 'Overpass Web Font is the open source webfont family Sponsored by Red Hat, Inspired by Highway Gothic and created by Delve Fonts.'),
(318, 15, 'InterPals', 'http://www.interpals.net', '2015-09-01 18:25:08', '2015-09-01 18:25:08', 5, 'interpals', 0, 'InterPals is the most popular social network website for language learning, friendship across borders, travel and cultural exchange.'),
(319, 15, 'Android Central', 'http://www.androidcentral.com', '2015-09-01 18:28:37', '2015-09-01 18:28:37', 5, 'android-central', 0, 'Android Central provides a trusted destination for the latest Android reviews, news, tips, tricks, and more.'),
(320, 9, 'HTML 5 TEST', 'http://html5test.com', '2015-09-01 18:30:49', '2015-09-01 18:30:49', 7, 'html-5-test', 0, 'HTML 5 TEST is the best way to test your web browser to see if it supports all of the features and functionality available in HTML5.'),
(321, 8, 'dryicons', 'http://dryicons.com/', '2015-09-01 18:32:44', '2015-09-01 18:32:44', 7, 'dryicons', 0, 'Search through thousands of vectors and icons at the dryicons search engine.'),
(322, 4, 'Naldz Graphics', 'http://naldzgraphics.net/', '2015-09-01 18:35:40', '2015-09-01 18:35:40', 6, 'naldz-graphics', 0, 'Naldz Graphics has been offering the very best in design, tutorials, freebies, inspirations, and resources, since 2008.'),
(323, 9, 'Pixel Buddha', 'http://pixelbuddha.net/', '2015-09-01 18:38:51', '2015-09-01 18:38:51', 2, 'pixel-buddha', 0, 'Get your PSDs, premium icons, and the latest web design resources for designers and developers at PixelBudda.'),
(325, 6, 'Learn Regex The Hard Way', 'http://regex.learncodethehardway.org/book/', '2015-09-02 19:20:14', '2015-09-02 19:20:14', 1, 'learn-regex-the-hard-way', 0, 'Zed Shaw provides this exhaustive resource for getting your regular expression skills down cold.'),
(326, 15, 'Techmeme', 'http://www.techmeme.com/', '2015-09-02 19:24:51', '2015-09-03 03:06:54', 1, 'techmeme', 1, 'Techmeme is the undisputed heavyweight champion of the world technology news aggregator.'),
(327, 4, 'Onextrapixel', 'http://www.onextrapixel.com/', '2015-09-02 19:39:06', '2015-09-02 19:39:06', 6, 'onextrapixel', 0, 'Onextrapixel is a premier online magazine for web developers and designers with tutorials, news, tips, tools and resources for aspiring developers.'),
(328, 6, 'OverAPI', 'http://overapi.com/', '2015-09-02 19:55:42', '2015-09-02 19:55:42', 7, 'overapi', 0, 'OverAPI collects and indexes all of the cheat sheets including Node, PHP, Java, JavaScript, HTML, CSS, and more.'),
(329, 1, 'Contao', 'https://contao.org', '2015-09-02 20:14:58', '2015-09-02 20:14:58', 5, 'contao', 0, 'Contao is a high quality content management system with high development standards, regular updates, and strong community support written in PHP.'),
(330, 3, 'Learn Git', 'https://www.atlassian.com/git/tutorials/', '2015-09-02 21:38:02', '2015-09-02 21:38:02', 1, 'learn-git', 0, 'Learn how to use Git with this incredibly thorough collection of tutorials by Atlassian.'),
(331, 2, 'Crater.io', 'https://crater.io/', '2015-09-02 22:28:35', '2015-09-02 22:28:35', 1, 'crater-io', 0, 'Crater.io is the aggregator of record for the meteorJS community built by Josh Owens.'),
(332, 6, 'Programming Sucks', 'http://www.stilldrinking.org/programming-sucks', '2015-09-03 00:22:19', '2015-09-03 00:22:19', 7, 'programming-sucks', 0, 'All programming teams are constructed by and of crazy people.'),
(333, 1, 'PHP Is Better Than You Think', 'http://fabien.potencier.org/php-is-much-better-than-you-think.html', '2015-09-03 01:01:12', '2015-09-03 01:01:12', 1, 'php-is-better-than-you-think', 0, 'Fabien Potencier on why PHP is much better than you think, and the strengths of the language.'),
(334, 4, 'Line25', 'http://line25.com/', '2015-09-03 02:11:01', '2015-09-03 02:11:01', 11, 'line25', 0, 'Line25 has been bringing web design inspiration, ideas, articles, tutorials, and more since 2009.'),
(335, 4, 'Designrfix', 'http://designrfix.com/', '2015-09-03 02:25:43', '2015-09-03 02:25:43', 6, 'designrfix', 0, 'For all the design junkies among us, Designrfix is here to help you get your design fix with tutorials and inspiration.'),
(336, 6, 'RegexOne', 'http://regexone.com/', '2015-09-03 03:43:56', '2015-09-17 23:22:41', 7, 'regexone', 1, 'RegexOne has simple and interactive exercises for you to easily learn the nuances of regular expressions.'),
(337, 2, 'WebPack CommonsChunk Plugin', 'http://jonathancreamer.com/advanced-webpack-part-1-the-commonschunk-plugin/', '2015-09-03 18:19:12', '2015-09-03 18:19:12', 8, 'webpack-commonschunk-plugin', 0, 'Feeling stuck on how to best bundle all of the various assets of your front end web development?  Take a look at WebPack.'),
(338, 3, 'Laravel 5 Middleware Tutorial', 'http://tutorialedge.net/laravel-5-middleware-routing-tutorial', '2015-09-03 18:22:02', '2015-09-03 18:22:02', 7, 'laravel-5-middleware-tutorial', 0, 'Elliot Forbes provides this nice tutorial to get you working with middleware in Laravel.'),
(339, 4, 'Web Design Ledger', 'https://webdesignledger.com/', '2015-09-03 18:25:06', '2015-09-03 18:25:06', 6, 'web-design-ledger', 0, 'Web Design Ledger offers all kinds of fantastic web design inspiration, templates, reviews, and news for the web design industry.'),
(340, 5, 'Dashplay', 'http://dashplay.io/', '2015-09-03 18:30:22', '2015-09-03 18:30:22', 1, 'dashplay', 0, 'Dashplay allows you to display several dashboard views on wall mounted monitors using only a web browser.'),
(341, 9, 'Pusher', 'https://pusher.com/', '2015-09-03 18:44:58', '2015-09-03 18:44:58', 5, 'pusher', 0, 'Pusher is the API that makes adding real time features to your website or application easy via the HTML5 WebSocket protocol.'),
(342, 4, 'HTML Color Codes', 'http://htmlcolorcodes.com/', '2015-09-03 19:39:43', '2015-09-03 19:39:43', 1, 'html-color-codes', 0, 'HTML Color Codes is a wonderful visual tool for getting HTML color codes, Hex color codes, RGB and HSL values.'),
(343, 4, 'Paletton', 'http://paletton.com/', '2015-09-03 19:42:30', '2015-09-03 19:42:30', 1, 'paletton', 0, 'Paletton has an intuitive user interface to help you find the perfect color compliments and combinations. '),
(344, 4, 'Adobe Color CC', 'https://color.adobe.com/create/color-wheel/', '2015-09-03 19:47:06', '2015-09-03 19:47:06', 1, 'adobe-color-cc', 0, 'The creators of Photoshop, Illustrator, and Dreamweaver have a very nice color palette service for you to find that perfect combination.'),
(345, 4, 'Color HailPixel', 'http://color.hailpixel.com/', '2015-09-03 19:54:22', '2015-09-03 19:54:22', 1, 'color-hailpixel', 0, 'Color HailPixel is an incredible color visualization tool where you can go side to side for hue, up and down for brightness, and scroll for saturation.'),
(346, 3, 'CQRS With Laravel', 'http://www.grok-interactive.com/blog/command-query-responsibility-segregation/', '2015-09-03 21:33:20', '2015-09-03 21:33:20', 11, 'cqrs-with-laravel', 0, 'Grok Interactive has a nice tutorial on how to use the CQRS or Command Query Responsibility Segregation when working with the Laravel PHP framework.'),
(347, 4, 'SmashingApps', 'http://www.smashingapps.com/', '2015-09-03 21:43:32', '2015-09-03 21:43:32', 8, 'smashingapps', 0, 'SmashingApps provides Opensource, Free and Useful Online Resources for Developers and Designers.'),
(348, 2, '2ality', 'http://www.2ality.com/', '2015-09-04 00:23:29', '2015-09-04 00:23:29', 7, '2ality', 0, '2ality is a premium blog covering JavaScript, web development, mobile technology, and more.'),
(349, 4, 'Cats who Code', 'http://www.catswhocode.com/', '2015-09-04 00:32:43', '2015-09-04 00:32:43', 7, 'cats-who-code', 0, 'Cats who Code is the 100 percent animal friendly web development blog offering snippets, tutorials, resources, and inspiration.'),
(350, 3, 'Websanova', 'http://www.websanova.com/', '2015-09-04 20:09:53', '2015-09-04 20:09:53', 1, 'websanova', 0, 'Websanova is an awesome blog that has excellent tutorials and resources covering the latest tech for web developers.'),
(351, 4, 'WeGraphics', 'http://wegraphics.net/', '2015-09-05 00:25:29', '2015-09-05 00:25:29', 8, 'wegraphics', 0, 'WeGraphics is a web design studio that focuses on creating top quality graphic design resources.'),
(352, 2, 'Functional Programming With JavaScript', 'http://drboolean.gitbooks.io/mostly-adequate-guide/content/', '2015-09-05 02:36:08', '2015-09-05 02:36:08', 8, 'functional-programming-with-javascript', 0, 'An online book which examines functional programming using the worlds most popular programming language.'),
(353, 4, 'Web Designers Should Not Code', 'http://www.imcreator.com/blog/why-web-designers-should-not-code/', '2015-09-05 02:40:14', '2015-09-05 02:40:14', 6, 'web-designers-should-not-code', 0, 'This article takes a look at the arguments for and against coding as a web designer and determines that designers should not code.'),
(354, 3, 'Bye CSS Hi Sass', 'http://www.toptal.com/front-end/embracing-sass-why-you-should-stop-using-vanilla-css/', '2015-09-05 02:43:23', '2015-09-05 02:43:23', 7, 'bye-css-hi-sass', 0, 'Marcelo Mazza takes a close look at Sass, what makes it so awesome, and why you should be using it.'),
(355, 6, 'No Python Switch Case', 'http://www.pydanny.com/why-doesnt-python-have-switch-case.html', '2015-09-05 03:07:03', '2015-09-05 03:07:03', 7, 'no-python-switch-case', 0, 'Daniel Roy Greenfeld has a look at the real reason why the Python programming language does not have a switch/case.'),
(356, 7, 'Richard Stallman', 'https://stallman.org/', '2015-09-05 04:03:21', '2015-09-05 04:03:21', 7, 'richard-stallman', 0, 'Open Source - Like A Boss.'),
(357, 4, 'Awesome HTML/CSS Projects from CodePen', 'http://www.codewithcoffee.com/30-open-source-htmlcss-projects-codepen/', '2015-09-08 17:35:09', '2015-09-08 17:35:09', 7, 'awesome-html-css-projects-from-codepen', 0, 'A curated list of 30 awesome code samples from codepen with open source licenses. '),
(358, 2, 'Wep Apps For The Future', 'http://blog.redradix.com/the-future-of-native-apps/', '2015-09-08 17:38:24', '2015-09-08 17:38:24', 1, 'wep-apps-for-the-future', 0, 'An argument for web apps built on things like Web API Interfaces, Application Cache, Service Workers, WebGL, and more.'),
(359, 2, 'You Might Not Need jQuery', 'http://youmightnotneedjquery.com/', '2015-09-08 20:49:06', '2015-09-08 20:49:06', 8, 'you-might-not-need-jquery', 0, 'This site shows you exactly what jQuery does for you with it&#39;s short syntax, and how to do it in native JavaScript if you like.'),
(360, 6, 'Game Development Tuts Plus', 'http://gamedevelopment.tutsplus.com/', '2015-09-10 18:20:19', '2015-09-10 18:20:19', 1, 'game-development-tuts-plus', 0, 'Learn how to program video games at the game development division of the Tuts Plus network.'),
(361, 4, 'Fontstruct', 'http://fontstruct.com/', '2015-09-10 18:21:59', '2015-09-10 18:21:59', 8, 'fontstruct', 0, 'Create your very own fonts with this font building tool at Fontstruct.'),
(362, 9, 'Videezy', 'http://www.videezy.com/', '2015-09-10 18:24:11', '2015-09-10 18:24:11', 8, 'videezy', 0, 'Need some fantastic and free high definition stock video footage?  Videezy has got you covered.'),
(363, 4, 'html5Doctor', 'http://html5doctor.com/', '2015-09-10 18:26:11', '2015-09-10 18:26:11', 11, 'html5doctor', 0, 'html5Doctor is the best website for the complete html5 element reference, in addition to great tutorials.'),
(364, 9, 'Open Source CMS', 'http://www.opensourcecms.com/', '2015-09-10 18:27:33', '2015-09-10 18:27:33', 11, 'open-source-cms', 0, 'Open Source CMS has a directory of all of the freely available open source CMS projects for you to use.'),
(365, 4, 'Designzzz', 'http://www.designzzz.com/', '2015-09-10 18:28:47', '2015-09-10 18:28:47', 11, 'designzzz', 0, 'Designzzz has three Z&#39;s in addition to many freebies, tutorials, and design inspiration. '),
(366, 4, 'Icon Deposit', 'https://www.icondeposit.com/', '2015-09-10 18:30:02', '2015-09-10 18:30:02', 6, 'icon-deposit', 0, 'Icon Deposit has super awesome icons for you to use as well as a great blog, tutorials, snippets, and more.'),
(367, 3, 'Paulund', 'http://www.paulund.co.uk/', '2015-09-10 18:33:01', '2015-09-10 18:33:01', 6, 'paulund', 0, 'Paulund has HTML5 tutorials, PHP, CSS, and jQuery snippets, and many quick tips to benefit from.'),
(368, 9, 'Free Vectors', 'http://www.freevectors.net/', '2015-09-10 18:34:10', '2015-09-10 18:34:10', 6, 'free-vectors', 0, 'Freevectors is a great community of designers that share a love of Vectors and all of the awesome things you can do with them.'),
(369, 6, 'The Electric Toolbox', 'http://www.electrictoolbox.com/', '2015-09-10 18:37:04', '2015-09-10 18:37:04', 7, 'the-electric-toolbox', 0, 'The Electric Toolbox is a blog focusing on the Linux Apache MySQL PHP stack, in addition to some great JavaScript and jQuery goodies.'),
(370, 6, 'ManiacDev', 'https://maniacdev.com/', '2015-09-10 18:38:26', '2015-09-10 18:38:26', 7, 'maniacdev', 0, 'ManiacDev is for the developer that is moving into the world of iOS development and needs libraries, controls, tutorials, and tools.'),
(371, 2, 'Front End Tooling 2015', 'http://ashleynolan.co.uk/blog/frontend-tooling-survey-2015-results', '2015-09-10 20:09:09', '2015-09-10 20:09:09', 7, 'front-end-tooling-2015', 0, 'A comprehensive look at the most important tools and techniques for dealing with front end tooling in 2015.'),
(372, 2, 'Stylus', 'https://learnboost.github.io/stylus/', '2015-09-10 20:19:18', '2015-09-10 20:19:18', 1, 'stylus', 0, 'Stylus is an expressive, robust, and full featured css pre processor.'),
(373, 2, 'Grunt', 'http://gruntjs.com/', '2015-09-10 20:51:50', '2015-09-10 20:51:50', 1, 'grunt', 0, 'Grunt is a JavaScript task runner designed to help you automate the repetitive things.'),
(374, 2, 'Broccoli.js', 'http://broccolijs.com/', '2015-09-10 20:55:19', '2015-09-10 20:55:19', 1, 'broccoli-js', 0, 'The asset pipeline for ambitious applications.'),
(375, 2, 'Webpack', 'https://webpack.github.io/', '2015-09-10 20:58:40', '2015-09-10 20:58:40', 1, 'webpack', 0, 'Webpack is a powerful module bundler for JavaScript.'),
(376, 2, 'Browserify', 'http://browserify.org/', '2015-09-10 21:00:06', '2015-09-10 21:00:06', 1, 'browserify', 0, 'Browserify lets you require(&#39;modules&#39;) in the browser by bundling up all of your dependencies.'),
(377, 1, 'Codeception', 'http://codeception.com/', '2015-09-10 21:04:00', '2015-09-10 21:04:00', 1, 'codeception', 0, 'Acceptance Testing, Functional Testing, API Testing.'),
(378, 2, 'Mocha', 'https://mochajs.org/', '2015-09-10 21:05:02', '2015-09-10 21:05:02', 1, 'mocha', 0, 'Mocha is the simple, flexible, and fun JavaScript testing framework that runs on Node.js.'),
(379, 1, 'Behat', 'http://behat.org/', '2015-09-10 21:06:38', '2015-09-10 21:06:38', 1, 'behat', 0, 'Behat is the BDD or behavior driven development framework for PHP.'),
(380, 2, 'Jasmine', 'http://jasmine.github.io/', '2015-09-10 21:07:35', '2015-09-10 21:07:35', 1, 'jasmine', 0, 'Behavior Driven Development for JavaScript.'),
(381, 1, 'PHP Spec', 'http://www.phpspec.net/', '2015-09-10 21:10:34', '2015-09-10 21:10:34', 1, 'php-spec', 0, 'PHP Spec helps you write clean PHP code using the Behavior Driven Development style.'),
(382, 2, 'QUnit', 'https://qunitjs.com/', '2015-09-10 21:12:09', '2015-09-10 21:12:09', 1, 'qunit', 0, 'QUnit is a JavaScript unit testing framework used by jQuery and capable of testing any JavaScript code.'),
(383, 4, 'CSS Mania', 'http://www.cssmania.com/', '2015-09-10 21:17:11', '2015-09-10 21:17:11', 8, 'css-mania', 0, 'CSS Mania is a leader in the CSS Design Gallery and Showcase genre.'),
(384, 9, 'Adblock for iOS', 'http://adblockios.com/', '2015-09-10 21:20:19', '2015-09-10 21:20:19', 8, 'adblock-for-ios', 0, 'Adblock for iOS will give you an add free experience, block user trackers, and protect your privacy on your iOS device.'),
(385, 4, 'GoodUI', 'http://goodui.org/', '2015-09-10 21:36:15', '2015-09-10 21:36:15', 1, 'goodui', 0, 'GoodUI helps you find the best ideas to simplify, streamline, and enhance the usability of your user interface. '),
(386, 9, 'Visual Studio Code', 'https://code.visualstudio.com/', '2015-09-11 01:23:25', '2015-09-11 01:23:25', 1, 'visual-studio-code', 0, 'Visual Studio Code is a tool to help you build web and cloud applications using Linux, Mac OSX, and Windows.'),
(387, 2, 'JavaScript Essentials For All Skill Levels', 'https://medium.com/javascript-scene/learn-javascript-b631a4af11f2', '2015-09-11 19:38:35', '2015-09-11 19:38:35', 1, 'javascript-essentials-for-all-skill-levels', 0, 'The clear path to mastering JavaScript with Eric Elliot.'),
(388, 2, 'Prototypal Object Orientation', 'https://medium.com/javascript-scene/the-two-pillars-of-javascript-ee6f3281e7f3', '2015-09-11 19:40:52', '2015-09-11 19:40:52', 1, 'prototypal-object-orientation', 0, 'Learn about Prototypal Inheritance (objects without classes, and prototype delegation, aka OLOO — Objects Linking to Other Objects)'),
(389, 2, 'JavaScript Functional Programming', 'https://medium.com/javascript-scene/the-two-pillars-of-javascript-pt-2-functional-programming-a63aa53a41a4', '2015-09-11 19:42:37', '2015-09-11 19:42:37', 1, 'javascript-functional-programming', 0, 'Decoding the future of programming with lamdas and closure.'),
(390, 2, 'JavaScript Objects', 'http://davidwalsh.name/javascript-objects', '2015-09-11 19:44:00', '2015-09-11 19:44:00', 1, 'javascript-objects', 0, 'David Walsh shows you how Objects really work in JavaScript.'),
(391, 2, 'ES6 for Universal JavaScript Apps', 'https://medium.com/javascript-scene/how-to-use-es6-for-isomorphic-javascript-apps-2a9c3abe5ea2', '2015-09-11 19:45:21', '2015-09-11 19:45:21', 1, 'es6-for-universal-javascript-apps', 0, 'How to write universal JavaScript for browsers and Node.js.'),
(392, 2, 'Securing JavaScript', 'http://glebbahmutov.com/blog/unapply-attack/', '2015-09-11 19:46:29', '2015-09-11 19:46:29', 1, 'securing-javascript', 0, 'Make your JavaScript apps more secure by freezing builtins.'),
(393, 2, 'JavaScript App Architecture', 'https://medium.com/google-developers/javascript-application-architecture-on-the-road-to-2015-d8125811101b', '2015-09-11 19:48:32', '2015-09-11 19:48:32', 1, 'javascript-app-architecture', 0, 'JavaScript application architecture is in a state of non stop evolution.  Addy Osmani explores where we are headed.'),
(394, 2, 'JavaScript Modularity', 'http://jlongster.com/Modularity', '2015-09-11 19:49:41', '2015-09-11 19:49:41', 1, 'javascript-modularity', 0, 'Are tiny modules or an all inclusive approach right for JavaScript?  Yes.'),
(395, 2, 'The Way of the Functional Programmer', 'https://medium.com/javascript-scene/the-dao-of-immutability-9f91a70c88cd', '2015-09-11 19:51:24', '2015-09-11 19:51:24', 1, 'the-way-of-the-functional-programmer', 0, 'The true constant is change. Mutation hides change. Hidden change manifests chaos. Therefore, the wise embrace history.'),
(396, 2, 'Reactive MVC and the Virtual DOM', 'http://futurice.com/blog/reactive-mvc-and-the-virtual-dom', '2015-09-11 19:52:49', '2015-09-11 19:52:49', 1, 'reactive-mvc-and-the-virtual-dom', 0, 'Andre Medeiros examines the current trend of Virtual DOM Rendering.'),
(397, 2, 'Reactive Programming', 'https://gist.github.com/staltz/868e7e9bc2a7b8c1f754', '2015-09-11 19:54:05', '2015-09-11 19:54:05', 1, 'reactive-programming', 0, 'Learning about Reactive Programming from the beginning.'),
(398, 2, 'Theory of Reactivity', 'https://github.com/kriskowal/gtor', '2015-09-11 19:55:45', '2015-09-11 19:55:45', 1, 'theory-of-reactivity', 0, 'A guide to reactive programming covering functional styles, promises, and more.'),
(399, 2, 'ES6 Generators', 'http://davidwalsh.name/es6-generators', '2015-09-11 19:58:20', '2015-09-11 19:58:20', 1, 'es6-generators', 0, 'Learn about the new type of function, the generator, in ES6 and how it impacts the future of JavaScript.'),
(400, 2, 'Typed JavaScript', 'http://www.2ality.com/2014/10/typed-javascript.html', '2015-09-11 20:01:03', '2015-09-11 20:01:03', 1, 'typed-javascript', 0, 'Yes you can create statically typed JavaScript with TypeScript, Flow, and AtScript.'),
(401, 2, 'Modules In JavaScript', 'http://exploringjs.com/es6/ch_modules.html', '2015-09-11 20:02:32', '2015-09-11 20:02:32', 1, 'modules-in-javascript', 0, 'ES6 Modules as The Final Syntax.'),
(402, 2, 'Performance Audits With DevTools', 'http://www.paulirish.com/2015/advanced-performance-audits-with-devtools/', '2015-09-11 20:04:23', '2015-09-11 20:04:23', 1, 'performance-audits-with-devtools', 0, 'Paul Irish shows you how to do advanced performance audits with DevTools.'),
(403, 1, 'PHP at Codecademy', 'https://www.codecademy.com/tracks/php', '2015-09-11 20:30:13', '2015-09-11 20:30:13', 1, 'php-at-codecademy', 0, 'Learn the basics of how to program in PHP, a popular language that powers a huge portion of the internet.'),
(404, 1, 'Object Oriented PHP', 'https://laracasts.com/series/object-oriented-bootcamp-in-php', '2015-09-11 20:33:12', '2015-09-11 20:33:12', 1, 'object-oriented-php', 0, 'Learn Object Oriented PHP at Laracasts.'),
(405, 1, 'Create Your Own PHP Framework', 'http://symfony.com/doc/current/create_framework/index.html', '2015-09-11 20:36:05', '2015-09-11 20:36:05', 1, 'create-your-own-php-framework', 0, 'Learn how to create your own PHP framework by the folks who brought you Symfony.'),
(406, 1, 'Lambdas In PHP', 'http://fabien.potencier.org/on-php-5-3-lambda-functions-and-closures.html', '2015-09-11 20:37:38', '2015-09-11 20:37:38', 1, 'lambdas-in-php', 0, 'Lamdas and Closure is a little different in PHP than it is in JavaScript.  Learn about the PHP version here.'),
(407, 2, 'Eloquent JavaScript', 'http://eloquentjavascript.net/', '2015-09-11 20:47:49', '2015-09-11 20:47:49', 1, 'eloquent-javascript', 0, 'A free book by Marijn Haverbeke and Licensed under a Creative Commons attribution-noncommercial license.'),
(408, 2, 'Reintroduction To JavaScript', 'https://developer.mozilla.org/en-US/docs/Web/JavaScript/A_re-introduction_to_JavaScript', '2015-09-11 20:50:35', '2015-09-11 20:50:35', 1, 'reintroduction-to-javascript', 0, 'Mozilla provides this exhaustive overview of the JavaScript programming language.'),
(409, 2, 'JavaScript The Right Way', 'http://www.jstherightway.org/', '2015-09-11 20:52:28', '2015-09-11 20:52:28', 1, 'javascript-the-right-way', 0, 'A guide intended to introduce new developers to JavaScript and help experienced developers learn more about its best practices.'),
(410, 2, 'JavaScript at Codecademy', 'https://www.codecademy.com/tracks/javascript', '2015-09-11 20:53:32', '2015-09-11 20:53:32', 1, 'javascript-at-codecademy', 0, 'Learn the basics of JavaScript with these interactive tutorials at Codecademy.'),
(411, 2, 'JavaScript at Khan Academy', 'https://www.khanacademy.org/computing/computer-programming/programming', '2015-09-11 20:55:14', '2015-09-11 20:55:14', 1, 'javascript-at-khan-academy', 0, 'Khan Academy provides this great course on using JavaScript to draw fun animations and graphics.'),
(412, 2, 'JavaScript Video Tutorials', 'http://www.microsoftvirtualacademy.com/training-courses/javascript-fundamentals-for-absolute-beginners', '2015-09-11 20:57:04', '2015-09-11 20:57:04', 1, 'javascript-video-tutorials', 0, 'Excellent JavaScript Video Tutorials by the talented Bob Tabor.'),
(413, 2, 'Speaking JavaScript: An In-Depth Guide for Programmers', 'http://speakingjs.com/es5/', '2015-09-11 23:33:47', '2015-09-12 00:11:07', 16, 'speaking-javascript-an-in-depth-guide-for-programmers', 1, 'Teaches all of ECMAScript 5.'),
(414, 2, 'Exploring ES6: Upgrade to the next version of JavaScript', 'http://exploringjs.com/', '2015-09-11 23:36:11', '2015-09-12 00:10:57', 16, 'exploring-es6-upgrade-to-the-next-version-of-javascript', 1, 'A comprehensive look at ECMAScript 6'),
(415, 1, 'Debugging Queries In Laravel', 'https://scotch.io/tutorials/debugging-queries-in-laravel', '2015-09-12 00:15:40', '2015-09-12 00:15:40', 7, 'debugging-queries-in-laravel', 0, 'A comprehensive tutorial on how to debug your queries in the Laravel PHP Framework.'),
(416, 1, 'Codementor PHP Tutorials ', 'https://www.codementor.io/php/tutorial/', '2015-09-12 00:36:58', '2015-09-12 00:36:58', 7, 'codementor-php-tutorials', 0, 'Codementor PHP Tutorials will unleash the power of PHP on your web development.\r\n\r\n');
INSERT INTO `links` (`id`, `category_id`, `name`, `url`, `created_at`, `updated_at`, `user_id`, `slug`, `outbound_count`, `description`) VALUES
(417, 1, 'PHP The Right Way', 'http://www.phptherightway.com/', '2015-09-12 00:39:17', '2015-09-12 00:39:17', 1, 'php-the-right-way', 0, 'PHP The Right Way is a reference for PHP coding standards, links to authoritative tutorials around the Web and what the contributors consider to be best practices.'),
(418, 1, 'PHP Tutorials At SitePoint', 'http://www.sitepoint.com/php/', '2015-09-12 00:40:21', '2015-09-12 00:40:21', 1, 'php-tutorials-at-sitepoint', 0, 'SitePoint has a huge collection of PHP tutorials for everyday applications.'),
(419, 1, 'Hacking With PHP', 'http://www.hackingwithphp.com/', '2015-09-12 00:42:39', '2015-09-12 00:42:39', 7, 'hacking-with-php', 0, 'Hacking With PHP is a great online tutorial in chapter format.'),
(420, 1, 'PHP With Tuts Plus', 'http://code.tutsplus.com/categories/php', '2015-09-12 00:44:23', '2015-09-12 13:43:38', 7, 'php-with-tuts-plus', 1, 'Tuts Plus has consistently updated and quality tutorials for learning PHP.'),
(421, 1, 'Zend Developer Zone', 'http://devzone.zend.com/', '2015-09-12 00:49:12', '2015-09-12 00:49:12', 7, 'zend-developer-zone', 0, 'Zend Developer Zone is an authority on all things PHP and is a great source for learning.'),
(422, 1, 'Design Patterns PHP', 'http://designpatternsphp.readthedocs.org/', '2015-09-12 01:04:40', '2015-09-12 01:04:40', 7, 'design-patterns-php', 0, 'Excellent resource to learn the various design patterns you can use with PHP.'),
(423, 3, 'Revath S Kumar', 'http://blog.revathskumar.com/', '2015-09-12 03:02:09', '2015-09-12 03:02:09', 7, 'revath-s-kumar', 0, 'Learn about various programming languages at this great blog.'),
(424, 1, 'Nette', 'https://nette.org/', '2015-09-12 03:21:08', '2015-09-17 20:52:11', 1, 'nette', 0, 'Nette is a set of decoupled and reusable PHP components for independent use.'),
(425, 2, 'Hard Rock Coffeescript', 'http://hardrockcoffeescript.org', '2015-09-14 21:14:26', '2015-09-15 17:35:30', 20, 'hard-rock-coffeescript', 1, 'Getting Started with Coffeescript'),
(426, 1, 'OOP PHP Reference', 'http://php.net/manual/en/language.oop5.php', '2015-09-15 18:39:53', '2015-09-15 18:39:53', 1, 'oop-php-reference', 0, 'PHP official reference about object-oriented programming.'),
(427, 1, 'Object Oriented PHP for Beginners ', 'https://code.tutsplus.com/tutorials/object-oriented-php-for-beginners--net-12762', '2015-09-15 18:40:36', '2015-09-15 18:40:36', 1, 'object-oriented-php-for-beginners', 0, 'A tutorial about OOP in PHP for beginners.'),
(428, 1, 'Introduction to OOP Concepts and More', 'http://www.codeproject.com/Articles/22769/Introduction-to-Object-Oriented-Programming-Concep', '2015-09-15 18:41:22', '2015-09-15 18:41:22', 1, 'introduction-to-oop-concepts-and-more', 0, 'A tutorial about OOP and an introduction to UML and Design Patterns.'),
(429, 1, 'From Procedural to Object Oriented PHP', 'https://code.tutsplus.com/tutorials/from-procedural-to-object-oriented-php--net-32853', '2015-09-15 18:42:03', '2015-09-15 18:42:03', 1, 'from-procedural-to-object-oriented-php', 0, 'A tutorial from procedural to object-oriented programming in PHP.'),
(430, 1, 'OOP vs Procedural Code', 'http://blog.ircmaxell.com/2012/07/oop-vs-procedural-code.html', '2015-09-15 18:42:38', '2015-09-15 18:42:38', 1, 'oop-vs-procedural-code', 0, 'Difference between OOP and procedural code.'),
(431, 1, 'What Are Abstract Classes?', 'http://culttt.com/2014/03/26/abstract-classes/', '2015-09-15 18:43:32', '2015-09-15 18:43:32', 1, 'what-are-abstract-classes', 0, 'A tutorial explaining abstract classes in PHP.'),
(432, 1, 'Polymorphism in PHP', 'https://code.tutsplus.com/tutorials/understanding-and-applying-polymorphism-in-php--net-14362', '2015-09-15 18:44:16', '2015-09-15 18:44:16', 1, 'polymorphism-in-php', 0, 'A tutorial explaining about abstract classes, interfaces and polymorphism in PHP.'),
(433, 1, 'Beyond Inheritance', 'http://blog.ircmaxell.com/2013/11/beyond-inheritance.html', '2015-09-15 18:45:11', '2015-09-15 18:45:11', 1, 'beyond-inheritance', 0, 'A tutorial explaining what is inheritance and its types.'),
(434, 1, 'PHP Namespaces Explained', 'http://daylerees.com/php-namespaces-explained', '2015-09-15 18:45:51', '2015-09-15 18:45:51', 1, 'php-namespaces-explained', 0, 'A tutorial explaining how namespaces works in PHP.'),
(435, 9, 'Mediagazer', 'http://www.mediagazer.com/', '2015-09-15 19:02:12', '2015-09-15 19:02:12', 1, 'mediagazer', 0, 'Mediagazer presents the day&#39;s must-read media news on a single page.'),
(436, 9, 'Whats Trending', 'http://whatstrending.com/', '2015-09-15 19:26:36', '2015-09-15 19:26:36', 1, 'whats-trending', 0, 'What&#39;s Trending covers and curates the most viral and shareable content across the social web.'),
(437, 9, 'GrowthHackers', 'https://growthhackers.com/', '2015-09-15 19:36:51', '2015-09-17 20:52:38', 1, 'growthhackers', 0, 'GrowthHackers.com is a community to learn and share about ethical online marketing techniques that drive growth.'),
(438, 9, 'Lobsters', 'https://lobste.rs/', '2015-09-15 19:38:41', '2015-09-15 19:38:41', 1, 'lobsters', 0, 'Lobsters is a technology-focused link-aggregation site similar to Hacker News, Reddit, and Slashdot.'),
(439, 9, 'Reddit', 'https://www.reddit.com/', '2015-09-15 19:39:54', '2015-09-15 19:39:54', 1, 'reddit', 0, 'Link aggregation where users vote links to the front page.'),
(440, 9, 'Google News', 'http://news.google.com/', '2015-09-15 19:43:48', '2015-09-15 19:43:48', 1, 'google-news', 0, 'Links curated by the robots.'),
(441, 15, 'MacRumors', 'http://www.macrumors.com/', '2015-09-15 19:51:33', '2015-09-15 19:51:33', 1, 'macrumors', 0, 'MacRumors provides the need to know news about what&#39;s happening in the Apple ecosystem.'),
(442, 9, 'Fark', 'http://www.fark.com/', '2015-09-15 20:11:52', '2015-09-15 20:11:52', 1, 'fark', 0, 'Fark is a news aggregator and an edited social networking news site.'),
(443, 3, 'Social Network With PHP', 'https://www.youtube.com/playlist?list=PLfdtiltiRHWGGxaR6uFtwZnnbcXqyq8JD', '2015-09-16 01:29:32', '2015-09-16 01:29:32', 1, 'social-network-with-php', 0, 'Learn how to build a social network in the Laravel Framework with these video tutorials.'),
(444, 15, '2 Billion Lines of Code - One Repository', 'http://www.wired.com/2015/09/google-2-billion-lines-codeand-one-place/', '2015-09-17 03:36:47', '2015-09-17 03:36:47', 1, '2-billion-lines-of-code-one-repository', 0, 'You read that right.  Google has over 2 billion lines of code managed in one repository.  It is likely the biggest software project on earth.'),
(445, 3, 'The OOP in PHP', 'http://matthewturland.com/slides/phpoop-tutorial/', '2015-09-17 19:47:30', '2015-09-17 19:47:30', 1, 'the-oop-in-php', 0, 'Fantastic collection of slides explaining the PHP object model, and various tips and tricks to learn by example. '),
(446, 1, 'Awesome PHP', 'https://github.com/ziadoz/awesome-php', '2015-09-17 19:50:49', '2015-09-17 19:50:49', 1, 'awesome-php', 0, 'A curated list of amazing resources, tutorials, and libraries for the PHP language.'),
(447, 9, 'AwesomeAwesome', 'https://github.com/sindresorhus/awesome', '2015-09-17 19:54:14', '2015-09-17 19:54:14', 1, 'awesomeawesome', 0, 'An awesome curated list of awesome curated lists.  Dig the meta.'),
(448, 4, 'Bootstrap Resources', 'http://startbootstrap.com/bootstrap-resources/', '2015-09-17 23:42:06', '2015-09-17 23:42:06', 1, 'bootstrap-resources', 0, 'Huge list of expertly curated resources for the popular Bootstrap Framework.'),
(449, 3, 'Introduction To Laravel Spark', 'https://mattstauffer.co/blog/introducing-laravel-spark-a-deep-dive', '2015-09-17 23:44:30', '2015-09-17 23:44:30', 1, 'introduction-to-laravel-spark', 0, 'Matt Stauffer introduces you to Taylor Otwell&#39;s latest creation designed to help you create SaaS applications, Laravel Spark.'),
(450, 5, 'Using AWS Lamda to Scale', 'http://blog.cloudsploit.com/2015/09/15/how-we-use-lambda/', '2015-09-17 23:47:37', '2015-09-17 23:47:37', 1, 'using-aws-lamda-to-scale', 0, 'CloudSploit details how to use AWS Lamda to handle workloads that rapidly scale to hundreds of requests a second.'),
(451, 6, 'Amazon Web Services in Plain English', 'https://www.expeditedssl.com/aws-in-plain-english', '2015-09-17 23:51:13', '2015-09-17 23:51:13', 1, 'amazon-web-services-in-plain-english', 0, 'AWS has over 50 named services that can be hard to remember and understand.  This plain English guide will help.'),
(452, 7, 'Great Times for Linux Users', 'http://opensource.com/life/15/9/jim-salter-my-linux-story', '2015-09-17 23:54:27', '2015-09-17 23:54:27', 1, 'great-times-for-linux-users', 0, 'Professional Linux system administrator and developer Jim Salter makes a case for the awesomeness of Linux in 2015.'),
(453, 7, 'Bash Guide for Beginners', 'http://www.tldp.org/LDP/Bash-Beginners-Guide/html/', '2015-09-18 00:10:51', '2015-09-18 00:10:51', 1, 'bash-guide-for-beginners', 0, '12 Chapters of excellent material getting you up to speed with the bash command line.'),
(454, 8, 'Yandex', 'https://www.yandex.com/', '2015-09-18 00:19:48', '2015-09-18 00:19:48', 1, 'yandex', 0, 'Yandex is the biggest search engine in Russia with a 60% market share.'),
(455, 7, 'Bash Guide by Lhunath', 'http://mywiki.wooledge.org/BashGuide', '2015-09-18 00:23:31', '2015-09-18 00:23:31', 1, 'bash-guide-by-lhunath', 0, 'Lhunath and GreyCat maintain this exhaustive resource on using the Bourne Again Shell.'),
(456, 4, 'Web Designer Wall', 'http://webdesignerwall.com/', '2015-09-18 00:28:16', '2015-09-18 00:28:16', 1, 'web-designer-wall', 0, 'Web Designer Wall is brought to you by the multi talented Nick La where he shares ideas, trends, and tutorials. '),
(457, 3, 'How to use Chrome DevTools like a Pro', 'https://medium.com/jotform-form-builder/how-to-use-chrome-devtools-like-a-pro-b9bd414870e3', '2015-09-18 22:06:31', '2015-09-18 22:06:31', 1, 'how-to-use-chrome-devtools-like-a-pro', 0, 'Learn how to Manage interface problems, Debug Javascript Code with using breakpoints and Optimize your code with Chrome DevTools.'),
(458, 6, 'Is Rails Losing Ground?', 'http://blog.jaredfriedman.com/2015/09/15/why-i-wouldnt-use-rails-for-a-new-company/', '2015-09-19 00:29:55', '2015-09-19 00:31:23', 1, 'is-rails-losing-ground', 0, 'Jared Friedman has a look at the current state of ruby on rails and whether one should bet their startup on it.'),
(459, 15, 'Will Apple Stifle The Open Web?', 'http://daringfireball.net/2015/09/de_facto_veto_power', '2015-09-19 02:23:18', '2015-09-19 02:23:18', 1, 'will-apple-stifle-the-open-web', 0, 'John Gruber takes a look at the cold hard facts in this latest battleground for web supremacy between Apple, Google, and Facebook.'),
(460, 7, 'Write Robust Bash Shell Scripts', 'http://www.davidpashley.com/articles/writing-robust-shell-scripts/', '2015-09-21 18:05:22', '2015-09-21 18:05:22', 1, 'write-robust-bash-shell-scripts', 0, 'Learn several methods to make sure your shell scripts are robust and useful while minimizing unwanted side effects.'),
(461, 4, 'Stylesheets.co', 'https://stylesheets.co/', '2015-09-21 19:43:58', '2015-09-21 19:43:58', 1, 'stylesheets-co', 0, 'Stylesheets is a commnunity-generated collection of the best CSS resources.'),
(462, 9, 'ContentTools', 'http://getcontenttools.com/', '2015-09-21 19:59:07', '2015-09-21 19:59:07', 1, 'contenttools', 0, 'ContentTools is a really cool in page WSIWIG What you see is what you get tool that is free to use.'),
(463, 9, 'Compfight', 'http://compfight.com/', '2015-09-22 17:38:25', '2015-09-22 17:38:25', 1, 'compfight', 0, 'Compfight is an awesome tool to find Visual Inspiration which makes use of the flickr API.'),
(464, 4, 'Best Web Gallery', 'http://bestwebgallery.com/', '2015-09-22 17:40:44', '2015-09-22 17:40:44', 1, 'best-web-gallery', 0, 'Best Web Gallery is a collection of the best examples of modern web development techniques on the web.'),
(465, 6, 'Go4Expert', 'http://www.go4expert.com/', '2015-09-22 17:43:07', '2015-09-22 17:43:07', 1, 'go4expert', 0, 'Go4Expert is a Programming and Web Development forum in addition to a newsletter, articles, and current trends in the industry.'),
(466, 4, 'WebAppers', 'http://www.webappers.com/', '2015-09-22 17:44:44', '2015-09-22 17:44:44', 1, 'webappers', 0, 'WebAppers is a beautifully designed website which offers the best free open source web resources available.'),
(467, 4, 'Queness', 'http://www.queness.com/', '2015-09-22 17:46:57', '2015-09-22 17:46:57', 1, 'queness', 0, 'Queness features quality tutorials to help you with jQuery, Bootstrap, Code Snippets, design tips, and more.'),
(468, 4, 'Impressive Webs', 'http://www.impressivewebs.com/', '2015-09-22 17:49:45', '2015-09-22 17:49:45', 1, 'impressive-webs', 0, 'Impressive Webs offers awesome articles, tutorials, CSS how to&#39;s, brought to you by Louis Lazaris - author of two great books on HTML and CSS.'),
(469, 4, 'Elated', 'http://www.elated.com/', '2015-09-22 17:54:38', '2015-09-22 17:54:38', 1, 'elated', 0, 'Elated has been helping people make websites since 1997, and offers great articles, a forum, and web design newsletter.'),
(470, 4, 'UX Booth', 'http://www.uxbooth.com/', '2015-09-22 17:58:18', '2015-09-22 17:58:18', 1, 'ux-booth', 0, 'The UX Booth is a blog that focuses on User Experience and caters to everyone that wants to make the web a better place to be.'),
(471, 4, 'DzineBlog', 'http://dzineblog.com/', '2015-09-22 18:08:14', '2015-09-22 18:08:14', 1, 'dzineblog', 0, 'DzineBlog is a popular blog of design related topics and is a DesignMag company.'),
(472, 2, 'Make JavaScript not Coffee', 'http://gofore.com/ohjelmistokehitys/make-es6-coffee/', '2015-09-22 18:10:59', '2015-09-22 18:10:59', 1, 'make-javascript-not-coffee', 0, 'This article takes a look at why you might want to stick to native JavaScript instead of CoffeeScript.'),
(473, 3, 'I Love Coding', 'https://ilovecoding.org/', '2015-09-22 18:13:00', '2015-09-22 18:13:00', 1, 'i-love-coding', 0, 'Learn how to be a full stack JavaScript developer with video tutorials at I Love Coding.'),
(474, 9, '99U', 'http://99u.com/', '2015-09-22 18:34:48', '2015-09-22 18:34:48', 1, '99u', 0, 'Get inspired by the daily insights on creativity and productivity at 99U by Behance.'),
(475, 9, 'The DECK', 'http://decknetwork.net/', '2015-09-22 18:52:24', '2015-09-22 18:52:24', 1, 'the-deck', 0, 'The DECK is a premier ad network for reaching web, design, and creative professionals.'),
(476, 6, 'Code', 'https://code.org/', '2015-09-22 19:00:04', '2015-09-22 19:00:04', 1, 'code', 0, 'Every student in every school should have the opportunity to learn computer science.'),
(477, 4, 'A List Apart', 'http://alistapart.com/', '2015-09-22 19:05:36', '2015-09-22 19:05:36', 1, 'a-list-apart', 0, 'A List Apart has been bringing the best web design articles to the masses since 1998.'),
(478, 4, 'BuildInternet', 'http://buildinternet.com/', '2015-09-22 19:08:03', '2015-09-22 19:08:03', 1, 'buildinternet', 0, 'BuildInternet has a focus on web design and development along with all things digital.'),
(479, 6, 'CodeProject', 'http://www.codeproject.com/', '2015-09-22 19:11:16', '2015-09-22 19:11:16', 1, 'codeproject', 0, 'CodeProject offers articles and tutorials on C#, C++, iOS, Internet of Things, Java, Mobile, and web platforms.'),
(480, 4, 'Creative Bloq', 'http://www.creativebloq.com/', '2015-09-22 19:14:15', '2015-09-22 19:14:15', 1, 'creative-bloq', 0, 'Creative Bloq offers inspiration for creative people on a daily basis with expert tips, tutorials, and fresh thinking.'),
(481, 9, 'Scale Your Code', 'https://scaleyourcode.com/blog', '2015-09-22 20:44:52', '2015-09-22 20:44:52', 1, 'scale-your-code', 0, 'Scale Your Code&#39;s mission is to organize the world&#39;s programming knowledge from top sources and make it universally accessible to improve software security, speed, and reliability.'),
(482, 3, 'Codecourse', 'https://www.codecourse.com/', '2015-09-22 21:17:10', '2015-09-22 21:17:10', 1, 'codecourse', 0, 'Get high quality screencasts and web development video tutorials at Codecourse.'),
(483, 4, '10 Awesome Front End Frameworks', 'http://noeticforce.com/css-front-end-frameworks-for-web-development-and-design', '2015-09-22 23:01:30', '2015-09-22 23:01:30', 1, '10-awesome-front-end-frameworks', 0, 'Noeticforce takes a look at the contenders including Bootstrap, Foundation, SemanticUI, Susy, Material UI, Materialize CSS, Gumby, Pure, Metro UI, and Leaf Beta.'),
(484, 4, 'Susy', 'http://susy.oddbird.net/', '2015-09-22 23:05:58', '2015-09-22 23:05:58', 1, 'susy', 0, 'Susy is the grids on demand master, a lightweight layer to do what it does best: take care of grid math for you.'),
(485, 4, 'Materialize', 'http://materializecss.com/', '2015-09-22 23:07:58', '2015-09-22 23:07:58', 1, 'materialize', 0, 'Materialize is a modern responsive front end framework based on Material Design.'),
(486, 3, 'html5 Rocks', 'http://www.html5rocks.com/', '2015-09-22 23:50:41', '2015-09-22 23:50:41', 1, 'html5-rocks', 0, 'Learn how to put the power of HTML5 to use in your websites and applications with the excellent tutorials at html5rocks.'),
(487, 4, 'UX Magazine', 'http://uxmag.com/', '2015-09-22 23:56:22', '2015-09-22 23:56:22', 1, 'ux-magazine', 0, 'UX Magazine focuses on User Experience with the publication of high-quality articles for experts and newcomers alike.'),
(488, 15, 'The Verge', 'http://www.theverge.com/', '2015-09-22 23:58:59', '2015-09-22 23:58:59', 1, 'the-verge', 0, 'The Verge is a powerhouse publication that covers the intersection of technology, science, art, and culture.'),
(489, 15, 'The Next Web', 'http://thenextweb.com/', '2015-09-23 00:01:10', '2015-09-23 00:01:10', 1, 'the-next-web', 0, 'The Next Web has been bringing readers the latest in Internet technology, business and culture, since 2006.'),
(490, 3, 'Build Real Time Laravel Apps with Pusher', 'https://pusher-community.github.io/real-time-laravel/', '2015-09-23 00:07:18', '2015-09-23 00:07:18', 1, 'build-real-time-laravel-apps-with-pusher', 0, 'This amazing tutorial will show you exactly how to set up and configure a real time Laravel application using Pusher.'),
(491, 9, 'Buy Sell Ads', 'https://buysellads.com/', '2015-09-23 00:42:11', '2015-09-23 00:42:11', 1, 'buy-sell-ads', 0, 'Buy Sell Ads is the number one provider of hosted advertising for high quality content creators.'),
(492, 15, 'HowStuffWorks', 'http://www.howstuffworks.com/', '2015-09-23 00:44:05', '2015-09-23 00:44:05', 1, 'howstuffworks', 0, 'HowStuffWorks explains thousands of topics, from engines to lock-picking to ESP, with video and illustrations so you can learn how everything works.'),
(493, 15, 'iMore', 'http://www.imore.com/', '2015-09-23 00:50:37', '2015-09-23 00:50:37', 1, 'imore', 0, 'iMore delivers breaking news, helpful how-tos, the latest app, game, and accessory reviews, and industry-leading podcasts for the Apple ecosystem.'),
(494, 5, 'Sysprobs', 'http://www.sysprobs.com/', '2015-09-23 00:55:37', '2015-09-23 00:55:37', 1, 'sysprobs', 0, 'Sysprobs covers Windows 7, 8, and 10, along with VMware, Hyper-V and Server virtualization technology.'),
(495, 15, '9 to 5 Mac', 'http://9to5mac.com/', '2015-09-23 00:58:07', '2015-09-23 00:58:07', 1, '9-to-5-mac', 0, '9to5 Mac thinks about Apple all day with a mission to break Apple news quicker, more accurately and with more sources than any other Apple site. '),
(496, 4, 'Design and Trend', 'http://www.designntrend.com/', '2015-09-23 01:04:50', '2015-09-23 01:04:50', 1, 'design-and-trend', 0, 'Design and Trend is a three person team reporting all things trending and well-designed on the Internet. '),
(497, 15, 'VentureBeat', 'http://venturebeat.com/', '2015-09-23 01:24:57', '2015-09-23 01:24:57', 1, 'venturebeat', 0, 'VentureBeat is the leading source for news and perspective on technology innovation.'),
(498, 16, 'StockTwits', 'http://stocktwits.com/', '2015-09-23 01:26:01', '2015-09-23 01:26:01', 1, 'stocktwits', 0, 'StockTwits is the leading social network for investors and traders.'),
(499, 6, 'Phpied', 'http://www.phpied.com/', '2015-09-23 19:30:04', '2015-09-23 19:30:04', 1, 'phpied', 0, 'Phpied is the blog of multi talented programmer Stoyan Stefanov.'),
(500, 15, 'Backblaze', 'https://www.backblaze.com/', '2015-09-23 19:44:33', '2015-09-23 19:44:33', 1, 'backblaze', 0, 'The cloud storage solution you have been waiting for - Simple to use, easy to scale, flexible and robust. Also the lowest cost cloud storage on the planet.'),
(501, 15, 'Windows Central', 'http://www.windowscentral.com/', '2015-09-23 19:53:15', '2015-09-23 19:53:15', 1, 'windows-central', 0, 'The center of the Windows Universe - featuring news, reviews, help & tips, buyer guides, forums and accessories.');

-- --------------------------------------------------------

--
-- Table structure for table `link_tag`
--

CREATE TABLE IF NOT EXISTS `link_tag` (
  `link_id` int(10) unsigned NOT NULL,
  `tag_id` int(10) unsigned NOT NULL,
  `created_at` timestamp NOT NULL DEFAULT '0000-00-00 00:00:00',
  `updated_at` timestamp NOT NULL DEFAULT '0000-00-00 00:00:00',
  KEY `link_tag_link_id_index` (`link_id`),
  KEY `link_tag_tag_id_index` (`tag_id`)
) ENGINE=InnoDB DEFAULT CHARSET=utf8 COLLATE=utf8_unicode_ci;

--
-- Dumping data for table `link_tag`
--

INSERT INTO `link_tag` (`link_id`, `tag_id`, `created_at`, `updated_at`) VALUES
(124, 15, '2015-06-25 01:18:43', '2015-06-25 01:18:43'),
(123, 9, '2015-06-25 01:19:13', '2015-06-25 01:19:13'),
(122, 13, '2015-06-25 01:19:31', '2015-06-25 01:19:31'),
(122, 14, '2015-06-25 01:19:31', '2015-06-25 01:19:31'),
(121, 14, '2015-06-25 01:19:51', '2015-06-25 01:19:51'),
(120, 5, '2015-06-25 01:20:11', '2015-06-25 01:20:11'),
(119, 17, '2015-06-25 01:21:04', '2015-06-25 01:21:04'),
(118, 5, '2015-06-25 01:21:50', '2015-06-25 01:21:50'),
(117, 5, '2015-06-25 01:22:07', '2015-06-25 01:22:07'),
(115, 18, '2015-06-25 01:24:11', '2015-06-25 01:24:11'),
(115, 19, '2015-06-25 01:24:11', '2015-06-25 01:24:11'),
(114, 8, '2015-06-25 01:25:04', '2015-06-25 01:25:04'),
(114, 20, '2015-06-25 01:25:04', '2015-06-25 01:25:04'),
(113, 18, '2015-06-25 01:25:25', '2015-06-25 01:25:25'),
(113, 19, '2015-06-25 01:25:25', '2015-06-25 01:25:25'),
(112, 21, '2015-06-25 01:26:13', '2015-06-25 01:26:13'),
(111, 5, '2015-06-25 01:26:42', '2015-06-25 01:26:42'),
(111, 19, '2015-06-25 01:26:42', '2015-06-25 01:26:42'),
(110, 9, '2015-06-25 01:26:59', '2015-06-25 01:26:59'),
(123, 21, '2015-06-25 01:27:12', '2015-06-25 01:27:12'),
(109, 5, '2015-06-25 01:27:32', '2015-06-25 01:27:32'),
(108, 8, '2015-06-25 01:27:57', '2015-06-25 01:27:57'),
(107, 5, '2015-06-25 01:28:14', '2015-06-25 01:28:14'),
(106, 17, '2015-06-25 01:29:38', '2015-06-25 01:29:38'),
(105, 9, '2015-06-25 01:29:54', '2015-06-25 01:29:54'),
(105, 21, '2015-06-25 01:29:54', '2015-06-25 01:29:54'),
(103, 14, '2015-06-25 01:35:05', '2015-06-25 01:35:05'),
(6, 2, '2015-06-25 01:36:33', '2015-06-25 01:36:33'),
(15, 14, '2015-06-25 01:37:00', '2015-06-25 01:37:00'),
(31, 22, '2015-06-25 01:37:41', '2015-06-25 01:37:41'),
(7, 18, '2015-06-25 01:37:57', '2015-06-25 01:37:57'),
(7, 19, '2015-06-25 01:37:57', '2015-06-25 01:37:57'),
(7, 21, '2015-06-25 01:37:57', '2015-06-25 01:37:57'),
(10, 14, '2015-06-25 01:38:11', '2015-06-25 01:38:11'),
(60, 2, '2015-06-25 02:13:35', '2015-06-25 02:13:35'),
(55, 14, '2015-06-25 02:16:15', '2015-06-25 02:16:15'),
(55, 23, '2015-06-25 02:16:29', '2015-06-25 02:16:29'),
(54, 23, '2015-06-25 02:16:43', '2015-06-25 02:16:43'),
(104, 23, '2015-06-25 03:05:01', '2015-06-25 03:05:01'),
(102, 5, '2015-06-25 03:05:21', '2015-06-25 03:05:21'),
(102, 8, '2015-06-25 03:05:21', '2015-06-25 03:05:21'),
(101, 21, '2015-06-25 03:05:40', '2015-06-25 03:05:40'),
(125, 2, '2015-06-25 16:56:17', '2015-06-25 16:56:17'),
(125, 22, '2015-06-25 16:56:17', '2015-06-25 16:56:17'),
(38, 2, '2015-06-25 16:57:07', '2015-06-25 16:57:07'),
(8, 18, '2015-06-25 19:22:16', '2015-06-25 19:22:16'),
(126, 2, '2015-06-25 19:39:14', '2015-06-25 19:39:14'),
(86, 19, '2015-06-26 19:16:09', '2015-06-26 19:16:09'),
(88, 18, '2015-06-27 00:27:07', '2015-06-27 00:27:07'),
(88, 21, '2015-06-27 00:27:07', '2015-06-27 00:27:07'),
(6, 25, '2015-06-27 19:46:14', '2015-06-27 19:46:14'),
(29, 24, '2015-06-27 19:46:43', '2015-06-27 19:46:43'),
(9, 24, '2015-06-27 19:47:06', '2015-06-27 19:47:06'),
(91, 24, '2015-06-27 19:47:31', '2015-06-27 19:47:31'),
(68, 24, '2015-06-27 19:47:58', '2015-06-27 19:47:58'),
(20, 25, '2015-06-27 19:48:21', '2015-06-27 19:48:21'),
(16, 25, '2015-06-27 19:48:45', '2015-06-27 19:48:45'),
(128, 25, '2015-06-27 19:50:38', '2015-06-27 19:50:38'),
(37, 24, '2015-06-28 00:51:18', '2015-06-28 00:51:18'),
(57, 24, '2015-06-28 00:51:37', '2015-06-28 00:51:37'),
(130, 18, '2015-07-06 23:41:15', '2015-07-06 23:41:15'),
(130, 19, '2015-07-06 23:41:15', '2015-07-06 23:41:15'),
(131, 18, '2015-07-07 17:28:15', '2015-07-07 17:28:15'),
(131, 19, '2015-07-07 17:28:15', '2015-07-07 17:28:15'),
(132, 13, '2015-07-09 03:50:09', '2015-07-09 03:50:09'),
(133, 26, '2015-07-09 19:38:51', '2015-07-09 19:38:51'),
(91, 26, '2015-07-09 19:39:20', '2015-07-09 19:39:20'),
(116, 26, '2015-07-09 19:39:34', '2015-07-09 19:39:34'),
(23, 26, '2015-07-09 19:40:07', '2015-07-09 19:40:07'),
(9, 27, '2015-07-09 19:40:53', '2015-07-09 19:40:53'),
(84, 13, '2015-07-09 22:32:34', '2015-07-09 22:32:34'),
(134, 24, '2015-07-17 22:56:54', '2015-07-17 22:56:54'),
(137, 2, '2015-07-23 21:14:56', '2015-07-23 21:14:56'),
(139, 22, '2015-07-28 21:07:48', '2015-07-28 21:07:48'),
(19, 28, '2015-08-03 21:08:21', '2015-08-03 21:08:21'),
(53, 28, '2015-08-03 21:08:37', '2015-08-03 21:08:37'),
(143, 2, '2015-08-04 17:57:45', '2015-08-04 17:57:45'),
(144, 5, '2015-08-14 19:23:12', '2015-08-14 19:23:12'),
(146, 30, '2015-08-14 20:09:26', '2015-08-14 20:09:26'),
(146, 31, '2015-08-14 20:09:26', '2015-08-14 20:09:26'),
(148, 21, '2015-08-17 17:58:58', '2015-08-17 17:58:58'),
(149, 14, '2015-08-17 18:01:32', '2015-08-17 18:01:32'),
(150, 14, '2015-08-17 18:10:06', '2015-08-17 18:10:06'),
(151, 32, '2015-08-17 18:17:58', '2015-08-17 18:17:58'),
(152, 33, '2015-08-17 18:40:24', '2015-08-17 18:40:24'),
(154, 34, '2015-08-17 20:35:13', '2015-08-17 20:35:13'),
(156, 8, '2015-08-17 20:45:07', '2015-08-17 20:45:07'),
(158, 21, '2015-08-17 21:08:46', '2015-08-17 21:08:46'),
(65, 33, '2015-08-17 22:54:10', '2015-08-17 22:54:10'),
(50, 33, '2015-08-17 22:54:31', '2015-08-17 22:54:31'),
(159, 38, '2015-08-17 23:22:36', '2015-08-17 23:22:36'),
(160, 21, '2015-08-17 23:30:54', '2015-08-17 23:30:54'),
(161, 7, '2015-08-18 00:06:20', '2015-08-18 00:06:20'),
(161, 26, '2015-08-18 00:06:20', '2015-08-18 00:06:20'),
(37, 7, '2015-08-18 03:58:33', '2015-08-18 03:58:33'),
(164, 24, '2015-08-18 17:47:14', '2015-08-18 17:47:14'),
(165, 21, '2015-08-18 17:51:21', '2015-08-18 17:51:21'),
(165, 40, '2015-08-18 17:51:21', '2015-08-18 17:51:21'),
(166, 41, '2015-08-18 17:54:08', '2015-08-18 17:54:08'),
(168, 42, '2015-08-18 19:25:04', '2015-08-18 19:25:04'),
(168, 43, '2015-08-18 19:25:04', '2015-08-18 19:25:04'),
(57, 42, '2015-08-18 19:25:41', '2015-08-18 19:25:41'),
(57, 43, '2015-08-18 19:25:41', '2015-08-18 19:25:41'),
(169, 30, '2015-08-18 19:43:53', '2015-08-18 19:43:53'),
(172, 26, '2015-08-19 20:29:25', '2015-08-19 20:29:25'),
(173, 45, '2015-08-19 20:40:24', '2015-08-19 20:40:24'),
(174, 44, '2015-08-19 21:54:17', '2015-08-19 21:54:17'),
(179, 28, '2015-08-20 22:52:17', '2015-08-20 22:52:17'),
(180, 46, '2015-08-21 20:13:45', '2015-08-21 20:13:45'),
(181, 45, '2015-08-22 00:48:01', '2015-08-22 00:48:01'),
(186, 17, '2015-08-22 03:01:13', '2015-08-22 03:01:13'),
(187, 10, '2015-08-22 03:32:54', '2015-08-22 03:32:54'),
(187, 65, '2015-08-22 03:32:54', '2015-08-22 03:32:54'),
(189, 66, '2015-08-24 18:13:26', '2015-08-24 18:13:26'),
(190, 67, '2015-08-24 18:26:27', '2015-08-24 18:26:27'),
(191, 68, '2015-08-24 19:01:33', '2015-08-24 19:01:33'),
(192, 8, '2015-08-24 19:11:08', '2015-08-24 19:11:08'),
(194, 69, '2015-08-24 19:37:40', '2015-08-24 19:37:40'),
(195, 21, '2015-08-24 20:12:11', '2015-08-24 20:12:11'),
(195, 40, '2015-08-24 20:12:11', '2015-08-24 20:12:11'),
(197, 70, '2015-08-24 21:01:34', '2015-08-24 21:01:34'),
(198, 26, '2015-08-24 21:15:57', '2015-08-24 21:15:57'),
(199, 21, '2015-08-24 21:57:17', '2015-08-24 21:57:17'),
(200, 70, '2015-08-24 22:08:07', '2015-08-24 22:08:07'),
(202, 12, '2015-08-25 17:46:33', '2015-08-25 17:46:33'),
(202, 34, '2015-08-25 17:46:33', '2015-08-25 17:46:33'),
(203, 14, '2015-08-25 17:52:05', '2015-08-25 17:52:05'),
(204, 30, '2015-08-25 18:06:56', '2015-08-25 18:06:56'),
(205, 26, '2015-08-25 18:16:27', '2015-08-25 18:16:27'),
(206, 22, '2015-08-25 18:28:12', '2015-08-25 18:28:12'),
(207, 14, '2015-08-25 18:32:30', '2015-08-25 18:32:30'),
(208, 8, '2015-08-25 20:00:13', '2015-08-25 20:00:13'),
(209, 33, '2015-08-25 22:49:58', '2015-08-25 22:49:58'),
(210, 33, '2015-08-25 22:51:40', '2015-08-25 22:51:40'),
(211, 46, '2015-08-25 22:56:43', '2015-08-25 22:56:43'),
(213, 18, '2015-08-26 00:14:55', '2015-08-26 00:14:55'),
(214, 41, '2015-08-26 19:32:33', '2015-08-26 19:32:33'),
(215, 71, '2015-08-26 19:37:45', '2015-08-26 19:37:45'),
(216, 22, '2015-08-26 19:45:20', '2015-08-26 19:45:20'),
(217, 7, '2015-08-26 19:48:16', '2015-08-26 19:48:16'),
(219, 2, '2015-08-26 19:57:54', '2015-08-26 19:57:54'),
(220, 55, '2015-08-26 20:02:08', '2015-08-26 20:02:08'),
(222, 41, '2015-08-26 20:51:43', '2015-08-26 20:51:43'),
(224, 18, '2015-08-26 21:36:09', '2015-08-26 21:36:09'),
(225, 71, '2015-08-26 21:55:01', '2015-08-26 21:55:01'),
(226, 18, '2015-08-27 01:43:20', '2015-08-27 01:43:20'),
(227, 62, '2015-08-27 02:35:00', '2015-08-27 02:35:00'),
(229, 2, '2015-08-27 17:53:08', '2015-08-27 17:53:08'),
(230, 7, '2015-08-27 18:08:37', '2015-08-27 18:08:37'),
(230, 26, '2015-08-27 18:08:37', '2015-08-27 18:08:37'),
(231, 14, '2015-08-27 18:23:54', '2015-08-27 18:23:54'),
(233, 72, '2015-08-27 21:45:00', '2015-08-27 21:45:00'),
(234, 44, '2015-08-27 21:47:46', '2015-08-27 21:47:46'),
(235, 80, '2015-08-28 00:42:34', '2015-08-28 00:42:34'),
(237, 77, '2015-08-28 00:47:21', '2015-08-28 00:47:21'),
(238, 85, '2015-08-28 00:51:03', '2015-08-28 00:51:03'),
(85, 83, '2015-08-28 00:55:04', '2015-08-28 00:55:04'),
(239, 67, '2015-08-28 01:00:39', '2015-08-28 01:00:39'),
(21, 85, '2015-08-28 01:08:52', '2015-08-28 01:08:52'),
(240, 86, '2015-08-28 19:38:39', '2015-08-28 19:38:39'),
(73, 85, '2015-08-28 19:43:17', '2015-08-28 19:43:17'),
(241, 14, '2015-08-28 19:54:30', '2015-08-28 19:54:30'),
(242, 22, '2015-08-28 20:01:48', '2015-08-28 20:01:48'),
(32, 88, '2015-08-28 20:56:31', '2015-08-28 20:56:31'),
(243, 18, '2015-08-28 21:30:09', '2015-08-28 21:30:09'),
(244, 22, '2015-08-28 21:34:13', '2015-08-28 21:34:13'),
(244, 67, '2015-08-28 21:34:13', '2015-08-28 21:34:13'),
(245, 22, '2015-08-28 21:41:36', '2015-08-28 21:41:36'),
(245, 36, '2015-08-28 21:41:36', '2015-08-28 21:41:36'),
(246, 77, '2015-08-28 21:47:08', '2015-08-28 21:47:08'),
(247, 79, '2015-08-28 22:00:56', '2015-08-28 22:00:56'),
(248, 69, '2015-08-28 22:30:12', '2015-08-28 22:30:12'),
(249, 70, '2015-08-28 22:53:12', '2015-08-28 22:53:12'),
(249, 89, '2015-08-28 22:53:12', '2015-08-28 22:53:12'),
(250, 91, '2015-08-29 00:49:40', '2015-08-29 00:49:40'),
(251, 76, '2015-08-29 00:58:11', '2015-08-29 00:58:11'),
(252, 76, '2015-08-29 01:44:49', '2015-08-29 01:44:49'),
(253, 22, '2015-08-29 03:12:50', '2015-08-29 03:12:50'),
(254, 24, '2015-08-29 03:33:18', '2015-08-29 03:33:18'),
(255, 22, '2015-08-31 17:34:19', '2015-08-31 17:34:19'),
(255, 82, '2015-08-31 17:34:19', '2015-08-31 17:34:19'),
(256, 85, '2015-08-31 17:37:31', '2015-08-31 17:37:31'),
(258, 83, '2015-08-31 17:44:29', '2015-08-31 17:44:29'),
(259, 69, '2015-08-31 17:47:19', '2015-08-31 17:47:19'),
(260, 22, '2015-08-31 17:56:44', '2015-08-31 17:56:44'),
(261, 69, '2015-08-31 18:12:31', '2015-08-31 18:12:31'),
(262, 93, '2015-08-31 18:16:04', '2015-08-31 18:16:04'),
(264, 95, '2015-08-31 18:31:24', '2015-08-31 18:31:24'),
(264, 96, '2015-08-31 18:31:24', '2015-08-31 18:31:24'),
(265, 69, '2015-08-31 18:35:10', '2015-08-31 18:35:10'),
(265, 76, '2015-08-31 18:35:10', '2015-08-31 18:35:10'),
(267, 98, '2015-08-31 18:55:59', '2015-08-31 18:55:59'),
(268, 98, '2015-08-31 18:58:21', '2015-08-31 18:58:21'),
(269, 98, '2015-08-31 19:00:48', '2015-08-31 19:00:48'),
(270, 82, '2015-08-31 19:17:04', '2015-08-31 19:17:04'),
(271, 69, '2015-08-31 19:21:27', '2015-08-31 19:21:27'),
(271, 95, '2015-08-31 19:21:27', '2015-08-31 19:21:27'),
(272, 33, '2015-08-31 19:23:07', '2015-08-31 19:23:07'),
(272, 80, '2015-08-31 19:23:07', '2015-08-31 19:23:07'),
(273, 19, '2015-08-31 19:27:42', '2015-08-31 19:27:42'),
(273, 38, '2015-08-31 19:27:42', '2015-08-31 19:27:42'),
(274, 21, '2015-08-31 19:29:56', '2015-08-31 19:29:56'),
(275, 20, '2015-08-31 19:37:13', '2015-08-31 19:37:13'),
(276, 99, '2015-08-31 19:41:06', '2015-08-31 19:41:06'),
(277, 99, '2015-08-31 19:43:27', '2015-08-31 19:43:27'),
(277, 100, '2015-08-31 19:43:27', '2015-08-31 19:43:27'),
(278, 98, '2015-08-31 19:47:00', '2015-08-31 19:47:00'),
(279, 91, '2015-08-31 20:48:35', '2015-08-31 20:48:35'),
(280, 91, '2015-08-31 20:51:54', '2015-08-31 20:51:54'),
(280, 98, '2015-08-31 20:51:54', '2015-08-31 20:51:54'),
(56, 20, '2015-08-31 20:53:28', '2015-08-31 20:53:28'),
(137, 20, '2015-08-31 20:53:50', '2015-08-31 20:53:50'),
(281, 20, '2015-08-31 20:56:48', '2015-08-31 20:56:48'),
(229, 20, '2015-08-31 21:12:20', '2015-08-31 21:12:20'),
(283, 20, '2015-08-31 21:29:48', '2015-08-31 21:29:48'),
(284, 20, '2015-08-31 21:32:37', '2015-08-31 21:32:37'),
(285, 20, '2015-08-31 21:36:13', '2015-08-31 21:36:13'),
(286, 69, '2015-08-31 21:40:16', '2015-08-31 21:40:16'),
(288, 69, '2015-08-31 21:43:47', '2015-08-31 21:43:47'),
(288, 76, '2015-08-31 21:43:47', '2015-08-31 21:43:47'),
(289, 20, '2015-08-31 21:52:46', '2015-08-31 21:52:46'),
(291, 8, '2015-08-31 21:59:09', '2015-08-31 21:59:09'),
(292, 20, '2015-08-31 22:05:52', '2015-08-31 22:05:52'),
(293, 101, '2015-08-31 22:19:39', '2015-08-31 22:19:39'),
(294, 18, '2015-08-31 22:39:04', '2015-08-31 22:39:04'),
(294, 38, '2015-08-31 22:39:04', '2015-08-31 22:39:04'),
(295, 98, '2015-08-31 22:44:49', '2015-08-31 22:44:49'),
(297, 99, '2015-08-31 23:13:10', '2015-08-31 23:13:10'),
(298, 18, '2015-08-31 23:15:29', '2015-08-31 23:15:29'),
(299, 96, '2015-08-31 23:33:27', '2015-08-31 23:33:27'),
(300, 89, '2015-08-31 23:35:23', '2015-08-31 23:35:23'),
(301, 82, '2015-08-31 23:38:50', '2015-08-31 23:38:50'),
(302, 46, '2015-08-31 23:41:28', '2015-08-31 23:41:28'),
(304, 25, '2015-08-31 23:53:39', '2015-08-31 23:53:39'),
(305, 25, '2015-08-31 23:55:17', '2015-08-31 23:55:17'),
(306, 24, '2015-08-31 23:56:55', '2015-08-31 23:56:55'),
(307, 39, '2015-08-31 23:59:05', '2015-08-31 23:59:05'),
(308, 39, '2015-09-01 00:00:27', '2015-09-01 00:00:27'),
(309, 98, '2015-09-01 00:05:01', '2015-09-01 00:05:01'),
(310, 103, '2015-09-01 00:58:08', '2015-09-01 00:58:08'),
(311, 103, '2015-09-01 00:59:39', '2015-09-01 00:59:39'),
(312, 39, '2015-09-01 01:02:03', '2015-09-01 01:02:03'),
(313, 103, '2015-09-01 01:07:55', '2015-09-01 01:07:55'),
(314, 103, '2015-09-01 01:09:16', '2015-09-01 01:09:16'),
(315, 33, '2015-09-01 01:12:35', '2015-09-01 01:12:35'),
(315, 80, '2015-09-01 01:12:35', '2015-09-01 01:12:35'),
(316, 69, '2015-09-01 01:15:17', '2015-09-01 01:15:17'),
(317, 83, '2015-09-01 17:36:21', '2015-09-01 17:36:21'),
(318, 36, '2015-09-01 18:25:08', '2015-09-01 18:25:08'),
(318, 86, '2015-09-01 18:25:08', '2015-09-01 18:25:08'),
(319, 104, '2015-09-01 18:28:37', '2015-09-01 18:28:37'),
(320, 19, '2015-09-01 18:30:49', '2015-09-01 18:30:49'),
(321, 77, '2015-09-01 18:32:44', '2015-09-01 18:32:44'),
(322, 98, '2015-09-01 18:35:40', '2015-09-01 18:35:40'),
(322, 105, '2015-09-01 18:35:40', '2015-09-01 18:35:40'),
(323, 77, '2015-09-01 18:38:51', '2015-09-01 18:38:51'),
(323, 99, '2015-09-01 18:38:51', '2015-09-01 18:38:51'),
(99, 106, '2015-09-02 00:18:09', '2015-09-02 00:18:09'),
(282, 106, '2015-09-02 00:18:37', '2015-09-02 00:18:37'),
(28, 25, '2015-09-02 00:18:58', '2015-09-02 00:18:58'),
(51, 106, '2015-09-02 00:34:15', '2015-09-02 00:34:15'),
(52, 106, '2015-09-02 00:34:39', '2015-09-02 00:34:39'),
(76, 22, '2015-09-02 00:35:07', '2015-09-02 00:35:07'),
(44, 68, '2015-09-02 00:58:56', '2015-09-02 00:58:56'),
(232, 108, '2015-09-02 01:00:20', '2015-09-02 01:00:20'),
(145, 109, '2015-09-02 01:03:08', '2015-09-02 01:03:08'),
(266, 44, '2015-09-02 01:04:04', '2015-09-02 01:04:04'),
(11, 24, '2015-09-02 01:06:03', '2015-09-02 01:06:03'),
(263, 91, '2015-09-02 01:07:20', '2015-09-02 01:07:20'),
(267, 91, '2015-09-02 01:07:34', '2015-09-02 01:07:34'),
(34, 110, '2015-09-02 19:15:07', '2015-09-02 19:15:07'),
(325, 28, '2015-09-02 19:20:14', '2015-09-02 19:20:14'),
(326, 103, '2015-09-02 19:24:51', '2015-09-02 19:24:51'),
(327, 98, '2015-09-02 19:39:06', '2015-09-02 19:39:06'),
(328, 109, '2015-09-02 19:55:42', '2015-09-02 19:55:42'),
(60, 109, '2015-09-02 20:01:37', '2015-09-02 20:01:37'),
(329, 20, '2015-09-02 20:14:58', '2015-09-02 20:14:58'),
(70, 18, '2015-09-02 20:16:14', '2015-09-02 20:16:14'),
(12, 77, '2015-09-02 20:16:51', '2015-09-02 20:16:51'),
(13, 47, '2015-09-02 20:17:24', '2015-09-02 20:17:24'),
(14, 99, '2015-09-02 20:17:43', '2015-09-02 20:17:43'),
(17, 111, '2015-09-02 20:19:20', '2015-09-02 20:19:20'),
(18, 112, '2015-09-02 20:20:29', '2015-09-02 20:20:29'),
(22, 98, '2015-09-02 20:21:01', '2015-09-02 20:21:01'),
(24, 14, '2015-09-02 20:21:26', '2015-09-02 20:21:26'),
(25, 14, '2015-09-02 20:21:43', '2015-09-02 20:21:43'),
(26, 111, '2015-09-02 20:22:02', '2015-09-02 20:22:02'),
(27, 112, '2015-09-02 20:22:16', '2015-09-02 20:22:16'),
(30, 113, '2015-09-02 20:23:23', '2015-09-02 20:23:23'),
(32, 113, '2015-09-02 20:23:50', '2015-09-02 20:23:50'),
(33, 113, '2015-09-02 20:24:05', '2015-09-02 20:24:05'),
(35, 112, '2015-09-02 20:24:24', '2015-09-02 20:24:24'),
(39, 18, '2015-09-02 20:24:57', '2015-09-02 20:24:57'),
(39, 19, '2015-09-02 20:24:57', '2015-09-02 20:24:57'),
(40, 88, '2015-09-02 20:25:16', '2015-09-02 20:25:16'),
(41, 17, '2015-09-02 20:25:31', '2015-09-02 20:25:31'),
(42, 111, '2015-09-02 20:25:46', '2015-09-02 20:25:46'),
(43, 33, '2015-09-02 20:26:04', '2015-09-02 20:26:04'),
(43, 80, '2015-09-02 20:26:04', '2015-09-02 20:26:04'),
(45, 85, '2015-09-02 20:26:27', '2015-09-02 20:26:27'),
(46, 2, '2015-09-02 20:27:15', '2015-09-02 20:27:15'),
(46, 89, '2015-09-02 20:27:15', '2015-09-02 20:27:15'),
(47, 67, '2015-09-02 20:27:47', '2015-09-02 20:27:47'),
(48, 88, '2015-09-02 20:28:15', '2015-09-02 20:28:15'),
(59, 88, '2015-09-02 20:29:40', '2015-09-02 20:29:40'),
(63, 46, '2015-09-02 20:30:22', '2015-09-02 20:30:22'),
(64, 111, '2015-09-02 20:31:04', '2015-09-02 20:31:04'),
(66, 13, '2015-09-02 20:31:21', '2015-09-02 20:31:21'),
(67, 88, '2015-09-02 20:31:37', '2015-09-02 20:31:37'),
(69, 113, '2015-09-02 20:32:04', '2015-09-02 20:32:04'),
(71, 88, '2015-09-02 20:32:20', '2015-09-02 20:32:20'),
(72, 91, '2015-09-02 20:32:40', '2015-09-02 20:32:40'),
(72, 92, '2015-09-02 20:32:40', '2015-09-02 20:32:40'),
(74, 23, '2015-09-02 20:33:03', '2015-09-02 20:33:03'),
(75, 91, '2015-09-02 20:33:16', '2015-09-02 20:33:16'),
(77, 18, '2015-09-02 20:33:37', '2015-09-02 20:33:37'),
(77, 19, '2015-09-02 20:33:37', '2015-09-02 20:33:37'),
(78, 110, '2015-09-02 20:33:53', '2015-09-02 20:33:53'),
(81, 46, '2015-09-02 20:34:12', '2015-09-02 20:34:12'),
(79, 41, '2015-09-02 20:35:03', '2015-09-02 20:35:03'),
(82, 24, '2015-09-02 20:35:21', '2015-09-02 20:35:21'),
(87, 17, '2015-09-02 20:36:02', '2015-09-02 20:36:02'),
(89, 113, '2015-09-02 20:36:16', '2015-09-02 20:36:16'),
(92, 18, '2015-09-02 20:36:43', '2015-09-02 20:36:43'),
(93, 13, '2015-09-02 20:36:59', '2015-09-02 20:36:59'),
(94, 88, '2015-09-02 20:37:55', '2015-09-02 20:37:55'),
(95, 44, '2015-09-02 20:38:12', '2015-09-02 20:38:12'),
(96, 44, '2015-09-02 20:38:31', '2015-09-02 20:38:31'),
(97, 22, '2015-09-02 20:38:46', '2015-09-02 20:38:46'),
(97, 89, '2015-09-02 20:38:46', '2015-09-02 20:38:46'),
(98, 110, '2015-09-02 20:39:11', '2015-09-02 20:39:11'),
(100, 44, '2015-09-02 20:39:49', '2015-09-02 20:39:49'),
(127, 113, '2015-09-02 20:40:40', '2015-09-02 20:40:40'),
(147, 47, '2015-09-02 20:43:10', '2015-09-02 20:43:10'),
(153, 91, '2015-09-02 20:43:32', '2015-09-02 20:43:32'),
(155, 91, '2015-09-02 20:43:49', '2015-09-02 20:43:49'),
(163, 47, '2015-09-02 20:44:23', '2015-09-02 20:44:23'),
(175, 113, '2015-09-02 20:44:54', '2015-09-02 20:44:54'),
(176, 98, '2015-09-02 20:45:13', '2015-09-02 20:45:13'),
(177, 47, '2015-09-02 20:45:34', '2015-09-02 20:45:34'),
(178, 47, '2015-09-02 20:45:52', '2015-09-02 20:45:52'),
(183, 47, '2015-09-02 20:46:21', '2015-09-02 20:46:21'),
(184, 47, '2015-09-02 20:46:37', '2015-09-02 20:46:37'),
(201, 110, '2015-09-02 20:47:09', '2015-09-02 20:47:09'),
(212, 99, '2015-09-02 20:47:41', '2015-09-02 20:47:41'),
(218, 23, '2015-09-02 20:48:05', '2015-09-02 20:48:05'),
(236, 98, '2015-09-02 20:48:37', '2015-09-02 20:48:37'),
(223, 77, '2015-09-02 20:49:15', '2015-09-02 20:49:15'),
(257, 98, '2015-09-02 20:50:17', '2015-09-02 20:50:17'),
(287, 105, '2015-09-02 20:51:02', '2015-09-02 20:51:02'),
(296, 98, '2015-09-02 20:51:24', '2015-09-02 20:51:24'),
(330, 72, '2015-09-02 21:38:02', '2015-09-02 21:38:02'),
(331, 10, '2015-09-02 22:28:35', '2015-09-02 22:28:35'),
(331, 103, '2015-09-02 22:28:35', '2015-09-02 22:28:35'),
(332, 46, '2015-09-03 00:22:19', '2015-09-03 00:22:19'),
(333, 46, '2015-09-03 01:01:12', '2015-09-03 01:01:12'),
(334, 91, '2015-09-03 02:11:01', '2015-09-03 02:11:01'),
(334, 98, '2015-09-03 02:11:42', '2015-09-03 02:11:42'),
(335, 91, '2015-09-03 02:25:43', '2015-09-03 02:25:43'),
(336, 28, '2015-09-03 03:43:56', '2015-09-03 03:43:56'),
(337, 14, '2015-09-03 18:19:12', '2015-09-03 18:19:12'),
(337, 47, '2015-09-03 18:19:12', '2015-09-03 18:19:12'),
(338, 2, '2015-09-03 18:22:02', '2015-09-03 18:22:02'),
(339, 91, '2015-09-03 18:25:06', '2015-09-03 18:25:06'),
(339, 98, '2015-09-03 18:25:06', '2015-09-03 18:25:06'),
(340, 32, '2015-09-03 18:30:22', '2015-09-03 18:30:22'),
(120, 114, '2015-09-03 18:36:57', '2015-09-03 18:36:57'),
(341, 19, '2015-09-03 18:44:58', '2015-09-03 18:44:58'),
(341, 23, '2015-09-03 18:44:58', '2015-09-03 18:44:58'),
(342, 38, '2015-09-03 19:39:43', '2015-09-03 19:39:43'),
(342, 115, '2015-09-03 19:39:43', '2015-09-03 19:39:43'),
(244, 115, '2015-09-03 19:40:34', '2015-09-03 19:40:34'),
(343, 115, '2015-09-03 19:42:30', '2015-09-03 19:42:30'),
(344, 115, '2015-09-03 19:47:06', '2015-09-03 19:47:06'),
(345, 115, '2015-09-03 19:54:22', '2015-09-03 19:54:22'),
(346, 2, '2015-09-03 21:33:20', '2015-09-03 21:33:20'),
(347, 91, '2015-09-03 21:43:32', '2015-09-03 21:43:32'),
(347, 98, '2015-09-03 21:43:32', '2015-09-03 21:43:32'),
(129, 24, '2015-09-03 23:29:40', '2015-09-03 23:29:40'),
(348, 98, '2015-09-04 00:23:29', '2015-09-04 00:23:29'),
(349, 98, '2015-09-04 00:32:43', '2015-09-04 00:32:43'),
(350, 98, '2015-09-04 20:09:53', '2015-09-04 20:09:53'),
(351, 91, '2015-09-05 00:25:29', '2015-09-05 00:25:29'),
(351, 98, '2015-09-05 00:25:29', '2015-09-05 00:25:29'),
(353, 46, '2015-09-05 02:40:14', '2015-09-05 02:40:14'),
(353, 47, '2015-09-05 02:40:14', '2015-09-05 02:40:14'),
(354, 18, '2015-09-05 02:43:23', '2015-09-05 02:43:23'),
(354, 47, '2015-09-05 02:43:23', '2015-09-05 02:43:23'),
(355, 114, '2015-09-05 03:07:03', '2015-09-05 03:07:03'),
(356, 68, '2015-09-05 04:03:21', '2015-09-05 04:03:21'),
(358, 46, '2015-09-08 17:38:24', '2015-09-08 17:38:24'),
(359, 24, '2015-09-08 20:49:06', '2015-09-08 20:49:06'),
(360, 74, '2015-09-10 18:20:19', '2015-09-10 18:20:19'),
(361, 83, '2015-09-10 18:21:59', '2015-09-10 18:21:59'),
(362, 116, '2015-09-10 18:24:11', '2015-09-10 18:24:11'),
(363, 19, '2015-09-10 18:26:11', '2015-09-10 18:26:11'),
(364, 20, '2015-09-10 18:27:33', '2015-09-10 18:27:33'),
(365, 91, '2015-09-10 18:28:47', '2015-09-10 18:28:47'),
(366, 77, '2015-09-10 18:30:02', '2015-09-10 18:30:02'),
(367, 98, '2015-09-10 18:33:01', '2015-09-10 18:33:01'),
(368, 76, '2015-09-10 18:34:10', '2015-09-10 18:34:10'),
(369, 98, '2015-09-10 18:37:04', '2015-09-10 18:37:04'),
(370, 84, '2015-09-10 18:38:26', '2015-09-10 18:38:26'),
(371, 24, '2015-09-10 20:09:09', '2015-09-10 20:09:09'),
(224, 117, '2015-09-10 20:16:47', '2015-09-10 20:16:47'),
(8, 117, '2015-09-10 20:17:06', '2015-09-10 20:17:06'),
(372, 18, '2015-09-10 20:19:18', '2015-09-10 20:19:18'),
(372, 117, '2015-09-10 20:19:18', '2015-09-10 20:19:18'),
(83, 118, '2015-09-10 20:49:18', '2015-09-10 20:49:18'),
(61, 118, '2015-09-10 20:49:55', '2015-09-10 20:49:55'),
(373, 118, '2015-09-10 20:51:50', '2015-09-10 20:51:50'),
(374, 118, '2015-09-10 20:55:19', '2015-09-10 20:55:19'),
(303, 119, '2015-09-10 20:57:07', '2015-09-10 20:57:07'),
(375, 119, '2015-09-10 20:58:40', '2015-09-10 20:58:40'),
(376, 119, '2015-09-10 21:00:06', '2015-09-10 21:00:06'),
(383, 18, '2015-09-10 21:17:11', '2015-09-10 21:17:11'),
(384, 84, '2015-09-10 21:20:19', '2015-09-10 21:20:19'),
(385, 21, '2015-09-10 21:36:15', '2015-09-10 21:36:15'),
(385, 40, '2015-09-10 21:36:15', '2015-09-10 21:36:15'),
(386, 13, '2015-09-11 01:23:25', '2015-09-11 01:23:25'),
(136, 120, '2015-09-11 19:26:06', '2015-09-11 19:26:06'),
(135, 120, '2015-09-11 19:26:38', '2015-09-11 19:26:38'),
(138, 125, '2015-09-11 19:26:52', '2015-09-11 19:26:52'),
(352, 120, '2015-09-11 19:27:19', '2015-09-11 19:27:19'),
(228, 120, '2015-09-11 19:27:48', '2015-09-11 19:27:48'),
(80, 120, '2015-09-11 19:28:04', '2015-09-11 19:28:04'),
(387, 120, '2015-09-11 19:38:35', '2015-09-11 19:38:35'),
(388, 120, '2015-09-11 19:40:52', '2015-09-11 19:40:52'),
(389, 120, '2015-09-11 19:42:37', '2015-09-11 19:42:37'),
(390, 120, '2015-09-11 19:44:00', '2015-09-11 19:44:00'),
(391, 120, '2015-09-11 19:45:21', '2015-09-11 19:45:21'),
(392, 120, '2015-09-11 19:46:29', '2015-09-11 19:46:29'),
(393, 120, '2015-09-11 19:48:32', '2015-09-11 19:48:32'),
(394, 120, '2015-09-11 19:49:41', '2015-09-11 19:49:41'),
(395, 120, '2015-09-11 19:51:24', '2015-09-11 19:51:24'),
(396, 120, '2015-09-11 19:52:49', '2015-09-11 19:52:49'),
(397, 120, '2015-09-11 19:54:05', '2015-09-11 19:54:05'),
(398, 120, '2015-09-11 19:55:45', '2015-09-11 19:55:45'),
(399, 120, '2015-09-11 19:58:20', '2015-09-11 19:58:20'),
(400, 120, '2015-09-11 20:01:03', '2015-09-11 20:01:03'),
(401, 120, '2015-09-11 20:02:32', '2015-09-11 20:02:32'),
(402, 120, '2015-09-11 20:04:23', '2015-09-11 20:04:23'),
(380, 122, '2015-09-11 20:05:31', '2015-09-11 20:05:31'),
(377, 127, '2015-09-11 20:05:47', '2015-09-11 20:05:47'),
(382, 122, '2015-09-11 20:06:03', '2015-09-11 20:06:03'),
(379, 127, '2015-09-11 20:06:16', '2015-09-11 20:06:16'),
(36, 127, '2015-09-11 20:06:30', '2015-09-11 20:06:30'),
(381, 127, '2015-09-11 20:06:44', '2015-09-11 20:06:44'),
(378, 122, '2015-09-11 20:07:01', '2015-09-11 20:07:01'),
(171, 118, '2015-09-11 20:25:21', '2015-09-11 20:25:21'),
(182, 125, '2015-09-11 20:25:51', '2015-09-11 20:25:51'),
(193, 125, '2015-09-11 20:26:14', '2015-09-11 20:26:14'),
(196, 125, '2015-09-11 20:26:33', '2015-09-11 20:26:33'),
(346, 125, '2015-09-11 20:27:18', '2015-09-11 20:27:18'),
(403, 125, '2015-09-11 20:30:13', '2015-09-11 20:30:13'),
(404, 125, '2015-09-11 20:33:12', '2015-09-11 20:33:12'),
(405, 125, '2015-09-11 20:36:05', '2015-09-11 20:36:05'),
(406, 125, '2015-09-11 20:37:38', '2015-09-11 20:37:38'),
(407, 120, '2015-09-11 20:47:49', '2015-09-11 20:47:49'),
(408, 120, '2015-09-11 20:50:35', '2015-09-11 20:50:35'),
(409, 120, '2015-09-11 20:52:28', '2015-09-11 20:52:28'),
(410, 120, '2015-09-11 20:53:32', '2015-09-11 20:53:32'),
(411, 120, '2015-09-11 20:55:14', '2015-09-11 20:55:14'),
(412, 120, '2015-09-11 20:57:04', '2015-09-11 20:57:04'),
(413, 120, '2015-09-11 23:33:47', '2015-09-11 23:33:47'),
(414, 120, '2015-09-11 23:36:11', '2015-09-11 23:36:11'),
(415, 2, '2015-09-12 00:15:40', '2015-09-12 00:15:40'),
(416, 125, '2015-09-12 00:36:58', '2015-09-12 00:36:58'),
(417, 125, '2015-09-12 00:39:17', '2015-09-12 00:39:17'),
(418, 125, '2015-09-12 00:40:21', '2015-09-12 00:40:21'),
(419, 125, '2015-09-12 00:42:39', '2015-09-12 00:42:39'),
(420, 125, '2015-09-12 00:44:23', '2015-09-12 00:44:23'),
(421, 125, '2015-09-12 00:49:12', '2015-09-12 00:49:12'),
(422, 125, '2015-09-12 01:04:40', '2015-09-12 01:04:40'),
(423, 98, '2015-09-12 03:02:09', '2015-09-12 03:02:09'),
(170, 126, '2015-09-12 03:16:45', '2015-09-12 03:16:45'),
(424, 25, '2015-09-12 03:21:08', '2015-09-12 03:21:08'),
(425, 120, '2015-09-14 21:14:26', '2015-09-14 21:14:26'),
(426, 125, '2015-09-15 18:39:53', '2015-09-15 18:39:53'),
(427, 125, '2015-09-15 18:40:36', '2015-09-15 18:40:36'),
(428, 125, '2015-09-15 18:41:22', '2015-09-15 18:41:22'),
(429, 125, '2015-09-15 18:42:03', '2015-09-15 18:42:03'),
(430, 125, '2015-09-15 18:42:38', '2015-09-15 18:42:38'),
(431, 125, '2015-09-15 18:43:32', '2015-09-15 18:43:32'),
(432, 125, '2015-09-15 18:44:16', '2015-09-15 18:44:16'),
(433, 125, '2015-09-15 18:45:11', '2015-09-15 18:45:11'),
(434, 125, '2015-09-15 18:45:51', '2015-09-15 18:45:51'),
(435, 103, '2015-09-15 19:02:12', '2015-09-15 19:02:12'),
(436, 103, '2015-09-15 19:26:36', '2015-09-15 19:26:36'),
(437, 103, '2015-09-15 19:36:51', '2015-09-15 19:36:51'),
(438, 103, '2015-09-15 19:38:41', '2015-09-15 19:38:41'),
(439, 103, '2015-09-15 19:39:54', '2015-09-15 19:39:54'),
(440, 103, '2015-09-15 19:43:48', '2015-09-15 19:43:48'),
(441, 90, '2015-09-15 19:51:33', '2015-09-15 19:51:33'),
(442, 103, '2015-09-15 20:11:52', '2015-09-15 20:11:52'),
(443, 2, '2015-09-16 01:29:32', '2015-09-16 01:29:32'),
(444, 12, '2015-09-17 03:36:47', '2015-09-17 03:36:47'),
(445, 125, '2015-09-17 19:47:30', '2015-09-17 19:47:30'),
(446, 129, '2015-09-17 19:50:49', '2015-09-17 19:50:49'),
(162, 129, '2015-09-17 19:51:10', '2015-09-17 19:51:10'),
(157, 129, '2015-09-17 19:51:54', '2015-09-17 19:51:54'),
(357, 129, '2015-09-17 19:52:20', '2015-09-17 19:52:20'),
(447, 129, '2015-09-17 19:54:14', '2015-09-17 19:54:14'),
(448, 129, '2015-09-17 23:42:06', '2015-09-17 23:42:06'),
(449, 2, '2015-09-17 23:44:30', '2015-09-17 23:44:30'),
(450, 88, '2015-09-17 23:47:37', '2015-09-17 23:47:37'),
(451, 88, '2015-09-17 23:51:13', '2015-09-17 23:51:13'),
(452, 68, '2015-09-17 23:54:27', '2015-09-17 23:54:27'),
(453, 110, '2015-09-18 00:10:51', '2015-09-18 00:10:51'),
(454, 112, '2015-09-18 00:19:48', '2015-09-18 00:19:48'),
(455, 110, '2015-09-18 00:23:31', '2015-09-18 00:23:31'),
(456, 98, '2015-09-18 00:28:16', '2015-09-18 00:28:16'),
(457, 12, '2015-09-18 22:06:31', '2015-09-18 22:06:31'),
(458, 46, '2015-09-19 00:29:55', '2015-09-19 00:29:55'),
(459, 90, '2015-09-19 02:23:18', '2015-09-19 02:23:18'),
(460, 110, '2015-09-21 18:05:22', '2015-09-21 18:05:22'),
(461, 18, '2015-09-21 19:43:58', '2015-09-21 19:43:58'),
(461, 22, '2015-09-21 19:43:58', '2015-09-21 19:43:58'),
(462, 14, '2015-09-21 19:59:07', '2015-09-21 19:59:07'),
(463, 42, '2015-09-22 17:38:25', '2015-09-22 17:38:25'),
(463, 97, '2015-09-22 17:38:25', '2015-09-22 17:38:25'),
(464, 67, '2015-09-22 17:40:44', '2015-09-22 17:40:44'),
(465, 22, '2015-09-22 17:43:07', '2015-09-22 17:43:07'),
(466, 91, '2015-09-22 17:44:44', '2015-09-22 17:44:44'),
(466, 98, '2015-09-22 17:44:44', '2015-09-22 17:44:44'),
(467, 98, '2015-09-22 17:46:57', '2015-09-22 17:46:57'),
(468, 98, '2015-09-22 17:49:45', '2015-09-22 17:49:45'),
(469, 98, '2015-09-22 17:54:38', '2015-09-22 17:54:38'),
(470, 40, '2015-09-22 17:58:18', '2015-09-22 17:58:18'),
(470, 98, '2015-09-22 17:58:18', '2015-09-22 17:58:18'),
(471, 98, '2015-09-22 18:08:14', '2015-09-22 18:08:14'),
(472, 46, '2015-09-22 18:10:59', '2015-09-22 18:10:59'),
(473, 108, '2015-09-22 18:13:00', '2015-09-22 18:13:00'),
(474, 67, '2015-09-22 18:34:48', '2015-09-22 18:34:48'),
(474, 98, '2015-09-22 18:34:48', '2015-09-22 18:34:48'),
(475, 80, '2015-09-22 18:52:24', '2015-09-22 18:52:24'),
(476, 85, '2015-09-22 19:00:04', '2015-09-22 19:00:04'),
(477, 98, '2015-09-22 19:05:36', '2015-09-22 19:05:36'),
(478, 98, '2015-09-22 19:08:03', '2015-09-22 19:08:03'),
(479, 98, '2015-09-22 19:11:16', '2015-09-22 19:11:16'),
(480, 98, '2015-09-22 19:14:15', '2015-09-22 19:14:15'),
(481, 98, '2015-09-22 20:44:52', '2015-09-22 20:44:52'),
(482, 108, '2015-09-22 21:17:10', '2015-09-22 21:17:10'),
(38, 108, '2015-09-22 21:18:09', '2015-09-22 21:18:09'),
(483, 18, '2015-09-22 23:01:30', '2015-09-22 23:01:30'),
(101, 18, '2015-09-22 23:03:00', '2015-09-22 23:03:00'),
(484, 18, '2015-09-22 23:05:58', '2015-09-22 23:05:58'),
(23, 18, '2015-09-22 23:06:54', '2015-09-22 23:06:54'),
(485, 18, '2015-09-22 23:07:58', '2015-09-22 23:07:58'),
(274, 98, '2015-09-22 23:48:53', '2015-09-22 23:48:53'),
(486, 98, '2015-09-22 23:50:41', '2015-09-22 23:50:41'),
(487, 40, '2015-09-22 23:56:22', '2015-09-22 23:56:22'),
(487, 98, '2015-09-22 23:56:22', '2015-09-22 23:56:22'),
(488, 98, '2015-09-22 23:58:59', '2015-09-22 23:58:59'),
(489, 98, '2015-09-23 00:01:10', '2015-09-23 00:01:10'),
(490, 2, '2015-09-23 00:07:18', '2015-09-23 00:07:18'),
(491, 80, '2015-09-23 00:42:11', '2015-09-23 00:42:11'),
(492, 113, '2015-09-23 00:44:05', '2015-09-23 00:44:05'),
(493, 90, '2015-09-23 00:50:37', '2015-09-23 00:50:37'),
(494, 132, '2015-09-23 00:55:37', '2015-09-23 00:55:37'),
(495, 90, '2015-09-23 00:58:07', '2015-09-23 00:58:07'),
(496, 98, '2015-09-23 01:04:50', '2015-09-23 01:04:50'),
(497, 98, '2015-09-23 01:24:57', '2015-09-23 01:24:57'),
(498, 36, '2015-09-23 01:26:01', '2015-09-23 01:26:01'),
(499, 98, '2015-09-23 19:30:04', '2015-09-23 19:30:04'),
(500, 133, '2015-09-23 19:44:33', '2015-09-23 19:44:33'),
(180, 133, '2015-09-23 19:44:52', '2015-09-23 19:44:52'),
(450, 133, '2015-09-23 19:45:08', '2015-09-23 19:45:08'),
(501, 136, '2015-09-23 19:53:15', '2015-09-23 19:53:15');

-- --------------------------------------------------------

--
-- Table structure for table `link_user`
--

CREATE TABLE IF NOT EXISTS `link_user` (
  `link_id` int(10) unsigned DEFAULT NULL,
  `user_id` int(10) unsigned DEFAULT NULL,
  `created_at` timestamp NOT NULL DEFAULT '0000-00-00 00:00:00',
  `updated_at` timestamp NOT NULL DEFAULT '0000-00-00 00:00:00',
  KEY `link_user_link_id_foreign` (`link_id`),
  KEY `link_user_user_id_foreign` (`user_id`)
) ENGINE=InnoDB DEFAULT CHARSET=utf8 COLLATE=utf8_unicode_ci;

--
-- Dumping data for table `link_user`
--

INSERT INTO `link_user` (`link_id`, `user_id`, `created_at`, `updated_at`) VALUES
(7, 1, '2015-06-06 21:45:07', '2015-06-06 21:45:07'),
(10, 1, '2015-06-09 00:27:03', '2015-06-09 00:27:03'),
(12, 1, '2015-06-10 05:54:41', '2015-06-10 05:54:41'),
(17, 1, '2015-06-10 22:03:25', '2015-06-10 22:03:25'),
(16, 1, '2015-06-10 22:03:33', '2015-06-10 22:03:33'),
(19, 1, '2015-06-11 02:27:03', '2015-06-11 02:27:03'),
(7, 2, '2015-06-11 04:58:15', '2015-06-11 04:58:15'),
(6, 2, '2015-06-11 04:58:37', '2015-06-11 04:58:37'),
(10, 2, '2015-06-11 04:59:10', '2015-06-11 04:59:10'),
(33, 1, '2015-06-12 00:42:31', '2015-06-12 00:42:31'),
(47, 1, '2015-06-14 17:13:52', '2015-06-14 17:13:52'),
(52, 1, '2015-06-15 18:01:36', '2015-06-15 18:01:36'),
(51, 1, '2015-06-15 18:01:38', '2015-06-15 18:01:38'),
(53, 1, '2015-06-15 18:07:11', '2015-06-15 18:07:11'),
(38, 1, '2015-06-15 18:07:29', '2015-06-15 18:07:29'),
(54, 1, '2015-06-15 18:44:59', '2015-06-15 18:44:59'),
(55, 1, '2015-06-15 20:28:24', '2015-06-15 20:28:24'),
(60, 1, '2015-06-15 23:35:57', '2015-06-15 23:35:57'),
(6, 1, '2015-06-15 23:53:43', '2015-06-15 23:53:43'),
(81, 1, '2015-06-16 23:20:46', '2015-06-16 23:20:46'),
(123, 1, '2015-06-23 00:58:24', '2015-06-23 00:58:24'),
(125, 1, '2015-06-25 16:56:25', '2015-06-25 16:56:25'),
(127, 1, '2015-06-25 20:07:12', '2015-06-25 20:07:12'),
(132, 1, '2015-07-09 03:55:33', '2015-07-09 03:55:33'),
(129, 1, '2015-07-10 00:05:05', '2015-07-10 00:05:05'),
(123, 5, '2015-08-14 19:48:56', '2015-08-14 19:48:56'),
(127, 5, '2015-08-14 19:49:03', '2015-08-14 19:49:03'),
(129, 5, '2015-08-14 19:49:07', '2015-08-14 19:49:07'),
(9, 2, '2015-08-15 02:29:42', '2015-08-15 02:29:42'),
(12, 2, '2015-08-15 02:29:47', '2015-08-15 02:29:47'),
(18, 2, '2015-08-15 02:29:57', '2015-08-15 02:29:57'),
(8, 5, '2015-08-17 18:54:57', '2015-08-17 18:54:57'),
(9, 5, '2015-08-17 18:54:59', '2015-08-17 18:54:59'),
(29, 5, '2015-08-17 18:55:03', '2015-08-17 18:55:03'),
(22, 5, '2015-08-17 18:55:09', '2015-08-17 18:55:09'),
(19, 5, '2015-08-17 18:55:13', '2015-08-17 18:55:13'),
(18, 5, '2015-08-17 18:55:14', '2015-08-17 18:55:14'),
(153, 6, '2015-08-17 20:28:33', '2015-08-17 20:28:33'),
(152, 6, '2015-08-17 20:28:37', '2015-08-17 20:28:37'),
(151, 6, '2015-08-17 20:28:38', '2015-08-17 20:28:38'),
(150, 6, '2015-08-17 20:28:41', '2015-08-17 20:28:41'),
(149, 6, '2015-08-17 20:28:43', '2015-08-17 20:28:43'),
(148, 6, '2015-08-17 20:28:46', '2015-08-17 20:28:46'),
(147, 6, '2015-08-17 20:28:47', '2015-08-17 20:28:47'),
(146, 6, '2015-08-17 20:28:50', '2015-08-17 20:28:50'),
(145, 6, '2015-08-17 20:28:52', '2015-08-17 20:28:52'),
(144, 6, '2015-08-17 20:28:54', '2015-08-17 20:28:54'),
(143, 6, '2015-08-17 20:28:56', '2015-08-17 20:28:56'),
(137, 6, '2015-08-17 20:28:59', '2015-08-17 20:28:59'),
(6, 6, '2015-08-17 22:56:58', '2015-08-17 22:56:58'),
(7, 6, '2015-08-17 22:57:00', '2015-08-17 22:57:00'),
(10, 6, '2015-08-17 22:57:06', '2015-08-17 22:57:06'),
(30, 6, '2015-08-17 22:58:25', '2015-08-17 22:58:25'),
(34, 6, '2015-08-17 23:02:52', '2015-08-17 23:02:52'),
(129, 6, '2015-08-17 23:08:36', '2015-08-17 23:08:36'),
(17, 2, '2015-08-17 23:31:32', '2015-08-17 23:31:32'),
(29, 2, '2015-08-17 23:31:41', '2015-08-17 23:31:41'),
(30, 2, '2015-08-17 23:31:43', '2015-08-17 23:31:43'),
(162, 1, '2015-08-18 15:03:25', '2015-08-18 15:03:25'),
(169, 1, '2015-08-18 19:44:03', '2015-08-18 19:44:03'),
(155, 6, '2015-08-19 20:30:10', '2015-08-19 20:30:10'),
(169, 6, '2015-08-19 20:30:14', '2015-08-19 20:30:14'),
(173, 1, '2015-08-19 20:40:30', '2015-08-19 20:40:30'),
(170, 1, '2015-08-19 20:40:35', '2015-08-19 20:40:35'),
(174, 1, '2015-08-19 21:54:22', '2015-08-19 21:54:22'),
(171, 1, '2015-08-19 21:59:14', '2015-08-19 21:59:14'),
(168, 1, '2015-08-19 21:59:25', '2015-08-19 21:59:25'),
(228, 1, '2015-08-27 05:04:39', '2015-08-27 05:04:39'),
(328, 1, '2015-09-02 19:57:09', '2015-09-02 19:57:09'),
(326, 1, '2015-09-02 19:57:13', '2015-09-02 19:57:13'),
(314, 1, '2015-09-15 19:45:33', '2015-09-15 19:45:33'),
(439, 1, '2015-09-15 19:45:43', '2015-09-15 19:45:43');

-- --------------------------------------------------------

--
-- Table structure for table `migrations`
--

CREATE TABLE IF NOT EXISTS `migrations` (
  `migration` varchar(255) COLLATE utf8_unicode_ci NOT NULL,
  `batch` int(11) NOT NULL
) ENGINE=InnoDB DEFAULT CHARSET=utf8 COLLATE=utf8_unicode_ci;

--
-- Dumping data for table `migrations`
--

INSERT INTO `migrations` (`migration`, `batch`) VALUES
('2014_10_12_000000_create_users_table', 1),
('2014_10_12_100000_create_password_resets_table', 1),
('2015_03_08_031234_create_categories_table', 1),
('2015_03_08_033112_create_links_table', 1),
('2015_03_10_024815_add_user_id_to_links_table', 1),
('2015_03_10_191227_add_categories_slug_column', 1),
('2015_03_10_191233_add_links_slug_column', 1),
('2015_03_11_014000_add_outbound_count_to_links_table', 1),
('2015_03_11_030732_create_link_user_table', 1),
('2015_03_13_205547_add_description_to_links_table', 1),
('2015_03_27_183649_add_is_admin_to_user_table', 1),
('2015_06_23_134654_create_tags_table', 2),
('2015_06_27_202259_add_tags_slug_column', 3);

-- --------------------------------------------------------

--
-- Table structure for table `password_resets`
--

CREATE TABLE IF NOT EXISTS `password_resets` (
  `email` varchar(255) COLLATE utf8_unicode_ci NOT NULL,
  `token` varchar(255) COLLATE utf8_unicode_ci NOT NULL,
  `created_at` timestamp NOT NULL DEFAULT '0000-00-00 00:00:00',
  KEY `password_resets_email_index` (`email`),
  KEY `password_resets_token_index` (`token`)
) ENGINE=InnoDB DEFAULT CHARSET=utf8 COLLATE=utf8_unicode_ci;

-- --------------------------------------------------------

--
-- Table structure for table `tags`
--

CREATE TABLE IF NOT EXISTS `tags` (
  `id` int(10) unsigned NOT NULL AUTO_INCREMENT,
  `name` varchar(255) COLLATE utf8_unicode_ci NOT NULL,
  `created_at` timestamp NOT NULL DEFAULT '0000-00-00 00:00:00',
  `updated_at` timestamp NOT NULL DEFAULT '0000-00-00 00:00:00',
  `slug` varchar(255) COLLATE utf8_unicode_ci DEFAULT NULL,
  PRIMARY KEY (`id`)
) ENGINE=InnoDB  DEFAULT CHARSET=utf8 COLLATE=utf8_unicode_ci AUTO_INCREMENT=137 ;

--
-- Dumping data for table `tags`
--

INSERT INTO `tags` (`id`, `name`, `created_at`, `updated_at`, `slug`) VALUES
(2, 'laravel', '2015-06-25 01:10:40', '2015-06-28 00:40:06', 'laravel'),
(3, 'symfony', '2015-06-25 01:11:04', '2015-06-28 00:40:06', 'symfony'),
(5, 'framework', '2015-06-25 01:11:49', '2015-06-28 00:40:06', 'framework'),
(7, 'angularjs', '2015-06-25 01:12:39', '2015-06-28 00:40:06', 'angularjs'),
(8, 'nodejs', '2015-06-25 01:12:57', '2015-06-28 00:40:06', 'nodejs'),
(9, 'jquery', '2015-06-25 01:13:17', '2015-06-28 00:40:06', 'jquery'),
(10, 'meteor', '2015-06-25 01:13:41', '2015-06-28 00:40:06', 'meteor'),
(12, 'google', '2015-06-25 01:14:41', '2015-06-28 00:40:06', 'google'),
(13, 'ide', '2015-06-25 01:15:07', '2015-06-28 00:40:06', 'ide'),
(14, 'workflow', '2015-06-25 01:15:22', '2015-06-28 00:40:06', 'workflow'),
(15, 'json', '2015-06-25 01:16:21', '2015-06-28 00:40:06', 'json'),
(16, 'api', '2015-06-25 01:16:36', '2015-06-28 00:40:06', 'api'),
(17, 'ruby', '2015-06-25 01:20:55', '2015-06-28 00:40:06', 'ruby'),
(18, 'css', '2015-06-25 01:23:11', '2015-06-28 00:40:06', 'css'),
(19, 'html5', '2015-06-25 01:23:41', '2015-06-28 00:40:06', 'html5'),
(20, 'cms', '2015-06-25 01:24:45', '2015-06-28 00:40:06', 'cms'),
(21, 'ui', '2015-06-25 01:26:03', '2015-06-28 00:40:06', 'ui'),
(22, 'community', '2015-06-25 01:37:28', '2015-06-28 00:40:06', 'community'),
(23, 'service', '2015-06-25 02:16:06', '2015-06-28 00:40:06', 'service'),
(24, 'javascript framework', '2015-06-27 19:44:49', '2015-06-28 00:40:06', 'javascript-framework'),
(25, 'php framework', '2015-06-27 19:45:22', '2015-06-28 00:40:06', 'php-framework'),
(26, 'react', '2015-07-09 19:38:37', '2015-07-09 19:38:37', 'react'),
(27, 'vue', '2015-07-09 19:40:39', '2015-07-09 19:40:39', 'vue'),
(28, 'regex', '2015-08-03 21:08:05', '2015-08-03 21:08:05', 'regex'),
(30, 'development', '2015-08-14 20:08:16', '2015-08-14 20:08:16', 'development'),
(31, 'freelance', '2015-08-14 20:08:40', '2015-08-14 20:08:40', 'freelance'),
(32, 'software', '2015-08-17 18:17:38', '2015-08-17 18:17:38', 'software'),
(33, 'seo', '2015-08-17 18:40:14', '2015-08-17 18:40:14', 'seo'),
(34, 'twitter', '2015-08-17 20:33:55', '2015-08-17 20:33:55', 'twitter'),
(35, 'facebook', '2015-08-17 20:34:20', '2015-08-17 20:34:20', 'facebook'),
(36, 'social media', '2015-08-17 20:34:41', '2015-08-17 20:34:41', 'social-media'),
(38, 'html', '2015-08-17 23:21:58', '2015-08-17 23:21:58', 'html'),
(39, 'mysql', '2015-08-17 23:25:13', '2015-08-17 23:25:13', 'mysql'),
(40, 'ux', '2015-08-17 23:30:47', '2015-08-17 23:30:47', 'ux'),
(41, 'security', '2015-08-18 17:53:04', '2015-08-18 17:53:04', 'security'),
(42, 'visual', '2015-08-18 19:23:11', '2015-08-18 19:23:11', 'visual'),
(43, 'chart', '2015-08-18 19:23:29', '2015-08-18 19:23:29', 'chart'),
(44, 'library', '2015-08-19 20:12:56', '2015-08-19 20:12:56', 'library'),
(45, 'bootstrap', '2015-08-19 20:38:45', '2015-08-19 20:38:45', 'bootstrap'),
(46, 'opinion', '2015-08-21 20:12:45', '2015-08-21 20:12:45', 'opinion'),
(47, 'blog post', '2015-08-22 03:03:51', '2015-08-22 03:03:51', 'blog-post'),
(48, 'article', '2015-08-22 03:04:12', '2015-08-22 03:04:12', 'article'),
(49, 'dom', '2015-08-22 03:05:15', '2015-08-22 03:05:15', 'dom'),
(50, 'd3', '2015-08-22 03:10:56', '2015-08-22 03:10:56', 'd3'),
(51, 'backbone', '2015-08-22 03:11:26', '2015-08-22 03:11:26', 'backbone'),
(53, 'font awesome', '2015-08-22 03:13:49', '2015-08-22 03:13:49', 'font-awesome'),
(54, 'rails', '2015-08-22 03:14:12', '2015-08-22 03:14:12', 'rails'),
(55, 'docker', '2015-08-22 03:14:52', '2015-08-22 03:14:52', 'docker'),
(56, 'foundation', '2015-08-22 03:15:23', '2015-08-22 03:15:23', 'foundation'),
(57, 'material design', '2015-08-22 03:16:02', '2015-08-22 03:16:02', 'material-design'),
(58, 'awesome', '2015-08-22 03:16:41', '2015-08-22 03:16:41', 'awesome'),
(59, 'less', '2015-08-22 03:17:48', '2015-08-22 03:17:48', 'less'),
(60, 'polymer', '2015-08-22 03:18:21', '2015-08-22 03:18:21', 'polymer'),
(61, 'sublime', '2015-08-22 03:19:26', '2015-08-22 03:19:26', 'sublime'),
(62, 'vagrant', '2015-08-22 03:20:12', '2015-08-22 03:20:12', 'vagrant'),
(63, 'yii', '2015-08-22 03:21:28', '2015-08-22 03:21:28', 'yii'),
(64, 'sass', '2015-08-22 03:22:44', '2015-08-22 03:22:44', 'sass'),
(65, 'sql', '2015-08-22 03:31:21', '2015-08-22 03:31:21', 'sql'),
(66, 'typography', '2015-08-24 18:13:15', '2015-08-24 18:13:15', 'typography'),
(67, 'inspiration', '2015-08-24 18:25:41', '2015-08-24 18:25:41', 'inspiration'),
(68, 'open source', '2015-08-24 18:59:29', '2015-08-24 18:59:29', 'open-source'),
(69, 'photoshop', '2015-08-24 19:36:36', '2015-08-24 19:36:36', 'photoshop'),
(70, 'tips', '2015-08-24 21:01:23', '2015-08-24 21:01:23', 'tips'),
(71, 'random', '2015-08-26 19:36:10', '2015-08-26 19:36:10', 'random'),
(72, 'git', '2015-08-27 21:44:00', '2015-08-27 21:44:00', 'git'),
(73, 'games', '2015-08-27 22:44:17', '2015-08-27 22:44:17', 'games'),
(74, 'videogames', '2015-08-27 22:44:35', '2015-08-27 22:44:35', 'videogames'),
(76, 'vector', '2015-08-27 22:45:19', '2015-08-27 22:45:19', 'vector'),
(77, 'icons', '2015-08-27 22:48:17', '2015-08-27 22:48:17', 'icons'),
(79, 'logos', '2015-08-27 22:49:19', '2015-08-27 22:49:19', 'logos'),
(80, 'marketing', '2015-08-27 22:49:56', '2015-08-27 22:49:56', 'marketing'),
(82, 'java', '2015-08-27 22:50:49', '2015-08-27 22:51:10', 'java'),
(83, 'fonts', '2015-08-27 22:51:32', '2015-08-27 22:51:32', 'fonts'),
(84, 'ios', '2015-08-27 22:53:06', '2015-08-27 22:53:06', 'ios'),
(85, 'code', '2015-08-28 00:49:35', '2015-08-28 00:49:35', 'code'),
(86, 'networking', '2015-08-28 19:37:40', '2015-08-28 19:37:40', 'networking'),
(87, 'gulp', '2015-08-28 19:53:27', '2015-08-28 19:53:27', 'gulp'),
(88, 'servers', '2015-08-28 20:56:18', '2015-08-28 20:56:18', 'servers'),
(89, 'news', '2015-08-28 22:46:13', '2015-08-28 22:46:13', 'news'),
(90, 'apple', '2015-08-28 22:59:37', '2015-08-28 22:59:37', 'apple'),
(91, 'web design', '2015-08-29 00:48:54', '2015-08-29 00:48:54', 'web-design'),
(92, 'web development', '2015-08-29 00:49:09', '2015-08-29 00:49:09', 'web-development'),
(93, 'templates', '2015-08-31 18:15:34', '2015-08-31 18:15:34', 'templates'),
(94, 'themes', '2015-08-31 18:15:50', '2015-08-31 18:15:50', 'themes'),
(95, 'illustration', '2015-08-31 18:29:53', '2015-08-31 18:30:07', 'photography'),
(96, 'creative', '2015-08-31 18:30:32', '2015-08-31 18:30:32', 'creative'),
(97, 'photography', '2015-08-31 18:32:22', '2015-08-31 18:32:22', 'photography-1'),
(98, 'blog', '2015-08-31 18:55:41', '2015-08-31 18:55:41', 'blog'),
(99, 'freebies', '2015-08-31 19:38:46', '2015-08-31 19:38:46', 'freebies'),
(100, 'scripts', '2015-08-31 19:40:59', '2015-08-31 19:40:59', 'scripts'),
(101, 'hacker', '2015-08-31 22:18:48', '2015-08-31 22:18:48', 'hacker'),
(102, 'hack', '2015-08-31 22:19:00', '2015-08-31 22:19:00', 'hack'),
(103, 'aggregator', '2015-08-31 22:19:25', '2015-08-31 22:19:25', 'aggregator'),
(104, 'android', '2015-09-01 18:26:53', '2015-09-01 18:26:53', 'android'),
(105, 'graphics', '2015-09-01 18:34:27', '2015-09-01 18:34:27', 'graphics'),
(106, 'composer', '2015-09-02 00:17:20', '2015-09-02 00:17:20', 'composer'),
(107, 'testing', '2015-09-02 00:23:18', '2015-09-02 00:23:18', 'testing'),
(108, 'screencast', '2015-09-02 01:00:10', '2015-09-02 01:00:10', 'screencast'),
(109, 'cheatsheet', '2015-09-02 01:02:55', '2015-09-02 01:02:55', 'cheatsheet'),
(110, 'command line', '2015-09-02 19:14:53', '2015-09-02 19:14:53', 'command-line'),
(111, 'operating system', '2015-09-02 20:19:00', '2015-09-02 20:19:00', 'operating-system'),
(112, 'search engine', '2015-09-02 20:20:16', '2015-09-02 20:20:16', 'search-engine'),
(113, 'learning', '2015-09-02 20:23:09', '2015-09-02 20:23:09', 'learning'),
(114, 'python', '2015-09-03 18:35:23', '2015-09-03 18:35:23', 'python'),
(115, 'color', '2015-09-03 19:39:31', '2015-09-03 19:39:31', 'color'),
(116, 'video', '2015-09-10 18:23:20', '2015-09-10 18:23:20', 'video'),
(117, 'preprocessor', '2015-09-10 20:14:05', '2015-09-10 20:14:05', 'preprocessor'),
(118, 'task runner', '2015-09-10 20:14:56', '2015-09-10 20:14:56', 'task-runner'),
(119, 'module bundler', '2015-09-10 20:15:57', '2015-09-10 20:15:57', 'module-bundler'),
(120, 'javascript learning', '2015-09-11 19:22:46', '2015-09-11 19:22:46', 'javascript-learning'),
(121, 'javascript tools', '2015-09-11 19:23:10', '2015-09-11 19:23:10', 'javascript-tools'),
(122, 'javascript testing', '2015-09-11 19:23:36', '2015-09-11 19:23:36', 'javascript-testing'),
(123, 'javascript news', '2015-09-11 19:23:51', '2015-09-11 19:23:51', 'javascript-news'),
(124, 'twitter user', '2015-09-11 19:24:19', '2015-09-11 19:24:19', 'twitter-user'),
(125, 'php learning', '2015-09-11 19:24:42', '2015-09-11 19:24:42', 'php-learning'),
(126, 'php tools', '2015-09-11 19:24:56', '2015-09-11 19:24:56', 'php-tools'),
(127, 'php testing', '2015-09-11 19:25:10', '2015-09-11 19:25:10', 'php-testing'),
(128, 'php news', '2015-09-11 19:25:23', '2015-09-11 19:25:23', 'php-news'),
(129, 'list', '2015-09-17 19:50:34', '2015-09-17 19:50:34', 'list'),
(130, 'podcast', '2015-09-22 18:29:32', '2015-09-22 18:29:32', 'podcast'),
(131, 'job boards', '2015-09-22 18:31:49', '2015-09-22 18:31:49', 'job-boards'),
(132, 'sys admin', '2015-09-23 00:54:06', '2015-09-23 00:54:06', 'sys-admin'),
(133, 'cloud', '2015-09-23 19:42:18', '2015-09-23 19:42:18', 'cloud'),
(134, 'saas', '2015-09-23 19:42:42', '2015-09-23 19:42:42', 'saas'),
(135, 'paas', '2015-09-23 19:42:57', '2015-09-23 19:42:57', 'paas'),
(136, 'windows', '2015-09-23 19:51:41', '2015-09-23 19:51:41', 'windows');

-- --------------------------------------------------------

--
-- Table structure for table `users`
--

CREATE TABLE IF NOT EXISTS `users` (
  `id` int(10) unsigned NOT NULL AUTO_INCREMENT,
  `name` varchar(255) COLLATE utf8_unicode_ci NOT NULL,
  `email` varchar(255) COLLATE utf8_unicode_ci NOT NULL,
  `password` varchar(60) COLLATE utf8_unicode_ci NOT NULL,
  `remember_token` varchar(100) COLLATE utf8_unicode_ci DEFAULT NULL,
  `created_at` timestamp NOT NULL DEFAULT '0000-00-00 00:00:00',
  `updated_at` timestamp NOT NULL DEFAULT '0000-00-00 00:00:00',
  `is_admin` tinyint(1) NOT NULL DEFAULT '0',
  PRIMARY KEY (`id`),
  UNIQUE KEY `users_email_unique` (`email`)
) ENGINE=InnoDB  DEFAULT CHARSET=utf8 COLLATE=utf8_unicode_ci AUTO_INCREMENT=22 ;

--
-- Dumping data for table `users`
--

INSERT INTO `users` (`id`, `name`, `email`, `password`, `remember_token`, `created_at`, `updated_at`, `is_admin`) VALUES
(1, 'devleaks', 'creedaka@hotmail.com', '$2y$10$KiqWwlUF7n/R165jrTrcb.ZG8.iVrwTQauogjVDtdvnIQQv.UAovK', '7gSRprwFgepd51B6XGQWqnRzNKUPry3H2lsZAdl84XYkmIuanF3JRJX1uFrF', '2015-06-06 06:38:58', '2015-09-23 00:10:52', 1),
(2, 'buildallthethings', 'vegibit@yahoo.com', '$2y$10$9EIgIcW4W52cQD7M5nLxm.0N6bBFp0cRysnyehD4Z4OxvJXByxkDq', 'XDdHDvt8f1GHb6nr9MotHRgFlH2ph40E8oTdpUEwKjdkERBLlKKeXkIEvaVz', '2015-06-10 20:21:46', '2015-08-31 18:32:28', 0),
(5, 'tinkering', 'tinkering@yahoo.com', '$2y$10$xJmTlfe5GCSxdd3JZ1dIhufyhLqcU/qzKakF9VqPXZc2n/CYz3jR.', 'LDje11allfL5zyZzLUH62QpWwkR1zXYhl4NQ8wQTCZylWdtTrfYc9FIIhzz0', '2015-08-14 19:43:42', '2015-09-03 18:57:13', 0),
(6, 'designz', 'designz@yahoo.com', '$2y$10$qkUC8r1EZ3iMEk8VnYYB6u6bEjl1quGukdZRbo6IWFobcntieTe9y', 'zpAmvxEw07e7hsnSOA3kj7n2Ics8j3zj4BJKlM8BvGIgX61WnyMbh0g2peuK', '2015-08-17 20:24:38', '2015-09-10 18:35:33', 0),
(7, 'developer', 'developer@yahoo.com', '$2y$10$/6TRsRm.I9NyzqCGJAMwy.3VIQxpmanH5MH11./N3WodR28fKPbBu', 'HJXEDIR5Bn0XfpHEsAUzIDKJqFrrPT8oLPvv2KMZOwXpEFNwjclvU9gszu2v', '2015-08-18 17:38:47', '2015-09-12 03:18:33', 0),
(8, 'webz', 'webz@yahoo.com', '$2y$10$RrXp6z11lOlSHU9nCZMWnuhVtnC9GtXYwbFfGUlRL7ozPCAK1iAQ6', 'nlYws2CytUJbMLXoIrgroT451WdefxucMdS1wAIIXJtuxprGBpYcBevLQOKd', '2015-08-28 19:51:01', '2015-09-10 21:20:25', 0),
(9, 'logik', 'logikinc@gmail.com', '$2y$10$KDNLF0sMd72FYqAHSSOoIeoyKt04DmdpfCZRjza7SMIHqZ4oSvWVm', NULL, '2015-08-28 21:13:26', '2015-08-28 21:13:26', 0),
(10, 'kevlar', 'kevlar@yahoo.com', '$2y$10$qaKAJbXt3AVeuOCWqJEXFOeD2TTxNK0oA4bJfZotq2f3h6ofDFeMS', 'P37zO6ttDq4pawpZkWTPo9RmBytqmTauHyLtWr1W1uv0KaNGDpbUd14PJyIG', '2015-08-28 22:22:14', '2015-08-29 00:44:50', 0),
(11, 'tanksable', 'tanksable@yahoo.com', '$2y$10$jSx8v/mMl6L6oiLmCsOzYOOo8R4HfW7lQg9M8SIzMMG73kCrJHriy', 'ERtgYDKy4BQNpJaSLOdINajZ12iO0DtPm9AfXa9ThTGuI9gdu8zyfhnbHORn', '2015-08-31 17:35:50', '2015-09-10 18:29:03', 0),
(12, 'ximenean', 'ximenean@hotmail.com', '$2y$10$5/zJ.QxlMRka/X9J1IaXcO37RIO5oup/LYu.CHKqYPtvhRYJ3vdoW', NULL, '2015-09-01 14:27:21', '2015-09-01 14:27:21', 0),
(13, 'saharmali', 'saharmohamedali27@gmail.com', '$2y$10$oY06dG0xn4EoYXSxb87wyO.cigEBGmC5Q0tJC8lTCeddcra9l6/7a', NULL, '2015-09-02 19:17:12', '2015-09-02 19:17:12', 0),
(14, 'gsnowgoose', 'falkne559782@tom.com', '$2y$10$uyp4qJ9Quk5l.5vvqL9UfOJ1c9CHGjNnct9ONlNVCNgbBVP2HcgSe', NULL, '2015-09-03 09:44:37', '2015-09-03 09:44:37', 0),
(15, 'CowardOi', 'kate@epromail.pl', '$2y$10$oAIOTyJP3LiyzV1CSKywAe04IwSJG4k68hNVRCO7hy4SSHjlf487K', NULL, '2015-09-11 09:24:36', '2015-09-11 09:24:36', 0),
(16, 'rauschma', 'axel@rauschma.de', '$2y$10$OVTscpQnKYy6jer6F7XlE.21xjy7FR0sI56eYs5AzOlrfyhqLI7Sy', NULL, '2015-09-11 23:31:59', '2015-09-11 23:31:59', 0),
(17, 'thanksjack', 'sjpartington@gmail.com', '$2y$10$fvJTNCqRuy8sShR8kNkEVO6Ii889VqeQ0zrGKFPx0amqxn9eHstN2', NULL, '2015-09-12 13:42:13', '2015-09-12 13:42:13', 0),
(18, 'Curtisskew', 'smusenko83@mail.ru', '$2y$10$B/ypJBQX9E24B75ITbofRevCQ/O6rXDrSOQMzoxxcvHiszu6F1Vba', NULL, '2015-09-14 16:01:52', '2015-09-14 16:01:52', 0),
(19, 'jibjabst', 'jibsajabsa@outlook.com', '$2y$10$sw55gOAPwG2G8ofdvrkPb.kVmaqLiaXz0c9SPKnOsY5u/pCK.IMjm', NULL, '2015-09-14 17:05:26', '2015-09-14 17:05:26', 0),
(20, 'alchaplinsky', 'alchaplinsky@gmail.com', '$2y$10$bpmTqzrXRye8UsHfuOVj/Olthdi1.A7cCpFkb5xpfBAn4bUag7nMy', NULL, '2015-09-14 21:13:21', '2015-09-14 21:13:21', 0),
(21, 'roulamasoud', 'roulamasoud@hotmail.com', '$2y$10$RmA2Ee3fxN3GvWr6hKSn8.ump4kRgg4hfiaGG5PqLU/2rDlQpbumO', NULL, '2015-09-18 11:29:54', '2015-09-18 11:29:54', 0);

--
-- Constraints for dumped tables
--

--
-- Constraints for table `links`
--
ALTER TABLE `links`
  ADD CONSTRAINT `links_category_id_foreign` FOREIGN KEY (`category_id`) REFERENCES `categories` (`id`) ON DELETE CASCADE,
  ADD CONSTRAINT `links_user_id_foreign` FOREIGN KEY (`user_id`) REFERENCES `users` (`id`) ON DELETE SET NULL;

--
-- Constraints for table `link_tag`
--
ALTER TABLE `link_tag`
  ADD CONSTRAINT `link_tag_link_id_foreign` FOREIGN KEY (`link_id`) REFERENCES `links` (`id`) ON DELETE CASCADE,
  ADD CONSTRAINT `link_tag_tag_id_foreign` FOREIGN KEY (`tag_id`) REFERENCES `tags` (`id`) ON DELETE CASCADE;

--
-- Constraints for table `link_user`
--
ALTER TABLE `link_user`
  ADD CONSTRAINT `link_user_link_id_foreign` FOREIGN KEY (`link_id`) REFERENCES `links` (`id`) ON DELETE CASCADE,
  ADD CONSTRAINT `link_user_user_id_foreign` FOREIGN KEY (`user_id`) REFERENCES `users` (`id`) ON DELETE CASCADE;

/*!40101 SET CHARACTER_SET_CLIENT=@OLD_CHARACTER_SET_CLIENT */;
/*!40101 SET CHARACTER_SET_RESULTS=@OLD_CHARACTER_SET_RESULTS */;
/*!40101 SET COLLATION_CONNECTION=@OLD_COLLATION_CONNECTION */;
